price_id,product_id,product_name,product_statement_descriptor,product_tax_code,description,created_utc,amount,currency,interval,interval_count,usage_type,aggregate_usage,billing_scheme,trial_period_days,tax_behavior,gst_rate_metadata,includes_gst_metadata,original_price_id_metadata,tax_amount_metadata,money_metadata,usage_limit_for_sessions_metadata,usage_limit_for_appointments_metadata,maximum_auto_renews_metadata,free_trial_metadata,includes_on_demand_metadata,minimum_auto_renews_metadata,studios_metadata,tax_rate_percent_metadata,validity_unit_metadata,location_metadata,freeze_duration_total_metadata,no_of_sessions_metadata,freeze_attempts_metadata,validity_metadata,price_after_tax_metadata,is_intro_offer_metadata,tax_bracket_id_metadata,city_from_host_id_metadata,activate_on_first_use_metadata,number_of_events_metadata,price_type_metadata,paid_trial_amount_metadata,allow_first_membership_only_metadata,auto_renew_metadata,membership_id_metadata,featured_metadata,subscription_type_metadata,pre_tax_price_metadata,duration_unit_metadata,host_id_metadata,type_metadata,modified_at_metadata,counts_as_free_for_payroll_metadata,guest_combined_usage_limit_metadata,price_metadata,duration_metadata,combined_usage_limit_enabled_metadata,host_name_metadata,city_metadata,is_guest_pass_enabled_metadata,disabled_metadata,is_single_buy_metadata,free_trial_duration_in_days_metadata,membership_name_metadata,valid_for_metadata,created_at_metadata,session_count_metadata,order_number_metadata,momence_id_metadata
price_1TgfcpFDEp8YEMWa0ITKCB27,prod_Ug1gfLhcnNMQ7a,Studio hosted class @ 20% disc,,,,2026-06-10 06:28,16800.00,inr,,,,,per_unit,,unspecified,,,,,,,,,,,,,,,,,,,,,,,,,,,,,,,,,,,,,,,,,,,,,,,,,,,,,,
price_1Ted5GFDEp8YEMWaLk8ssGyQ,prod_UduvboNkFXZosB,Studio 1 Month Unlimited,,,,2026-06-04 15:21,18637.00,inr,,,,,per_unit,,unspecified,,,,,,,,,,,,,,,,,,,,,,,,,,,,,,,,,,,,,,,,,,,,,,,,,,,,,,
price_1TZQucFDEp8YEMWaD9T7jEh5,prod_UYY06HmYsF4QoX,Studio Hosted Class x 2,,,,2026-05-21 07:20,31500.00,inr,,,,,per_unit,,unspecified,,,,,,,,,,,,,,,,,,,,,,,,,,,,,,,,,,,,,,,,,,,,,,,,,,,,,,
price_1TR8xsFDEp8YEMWagtmAmdZr,prod_UPyv1FqKQPZrcx,Studio 1 Month unlimited x 2,,,,2026-04-28 10:34,37274.00,inr,,,,,per_unit,,unspecified,,,,,,,,,,,,,,,,,,,,,,,,,,,,,,,,,,,,,,,,,,,,,,,,,,,,,,
price_1TMP4qFDEp8YEMWa1bZKmnWP,prod_UL5FBCoPnQl30u,Custom,,,,2026-04-15 08:45,15750.00,inr,,,,,per_unit,,unspecified,,,,,,,,,,,,,,,,,,,,,,,,,,,,,,,,,,,,,,,,,,,,,,,,,,,,,,
price_1TLibOFDEp8YEMWaEpBxYyKc,prod_UKNMBJJYdv4p5L,Studio 3 Month U/L - Anniversary LP,,,,2026-04-13 11:24,53287.00,inr,,,,,per_unit,,unspecified,,,,,,,,,,,,,,,,,,,,,,,,,,,,,,,,,,,,,,,,,,,,,,,,,,,,,,
price_1TJtMzFDEp8YEMWa3ApRnDCu,prod_UIULHXwaI42Dn6,The Studio Big Flex,,,,2026-04-08 10:30,110000.00,inr,,,,,per_unit,,unspecified,,,,,,,,,,,,,,,,,,,,,,,,,,,,,,,,,,,,,,,,,,,,,,,,,,,,,,
price_1TCI27FDEp8YEMWaytGRvydo,prod_UAdIir3uiYbHI2,Studio 40 Single Private Class Packge,,,,2026-03-18 11:13,168000.00,inr,,,,,per_unit,,unspecified,,,,,,,,,,,,,,,,,,,,,,,,,,,,,,,,,,,,,,,,,,,,,,,,,,,,,,
price_1TCHqIFDEp8YEMWaFvp4cdcy,prod_U0RbuaYkg2TLKd,Studio Private Class,,,,2026-03-18 11:00,5250.00,inr,,,,,per_unit,,unspecified,,,,,,,,,,,,,,,,,,,,,,,,,,,,,,,,,,,,,,,,,,,,,,,,,,,,,,
price_1T9NKPFDEp8YEMWa9zOY2F8R,prod_U7cZELRmLCFJae,Studio Hosted Class + Office Space,,,,2026-03-10 10:15,28350.00,inr,,,,,per_unit,,unspecified,,,,,,,,,,,,,,,,,,,,,,,,,,,,,,,,,,,,,,,,,,,,,,,,,,,,,,
price_1T2QiaFDEp8YEMWaOpVZlyCw,prod_U0RbuaYkg2TLKd,Studio Private Class,,,,2026-02-19 06:28,5250.00,inr,,,,,per_unit,,unspecified,,,,,,,,,,,,,,,,,,,,,,,,,,,,,,,,,,,,,,,,,,,,,,,,,,,,,,
price_1T0CNrFDEp8YEMWa7Klndwua,prod_Ty8ffwgFwYfTEv,Test,,,Mumbai,2026-02-13 02:45,1.00,inr,,,,,per_unit,,unspecified,,,,,,,,,,,,,,,,,,,,,,,,,,,,,,,,,,,,,,,,,,,,,,,,,,,,,,
price_1SvY7WFDEp8YEMWaWbNGQ8XA,prod_TtKnAWKs5OW1qD,Studio 57 Class Package,,,Mumbai,2026-01-31 06:57,104737.50,inr,,,,,per_unit,,unspecified,5,true,,,,57,0,0,false,false,0,,,,,,,,,,false,36758,Mumbai,true,,fixed-price,0,false,false,634608,false,absolute,99750,days,13752,subscription,2026-01-28T10:29:30.018Z,false,0,99750,180,false,,Mumbai,false,false,false,7,,180 days,2026-01-28T10:29:30.018Z,57,,634608
price_1SvY7VFDEp8YEMWanxM2h4eb,prod_TtKnO0QkvvIi31,1 Freeze Attempt,,,Mumbai,2026-01-31 06:57,1050.00,inr,,,,,per_unit,,unspecified,5,true,,,,0,0,0,false,false,0,Kwality House & Supreme HQ,5%,days,Mumbai,7,0,0,7,1050,false,36758,Mumbai,false,,fixed-price,0,false,false,602418,false,absolute,1000,days,13752,subscription,2025-12-22T05:03:20.998Z,false,0,1000,7,false,,Mumbai,false,false,false,7,,7 days,2025-12-22T05:03:20.998Z,0,,602418
price_1SvY7UFDEp8YEMWasUN4MkiP,prod_TtKnsviOHfmktM,Owner's Special - 2 for 1,,,Mumbai,2026-01-31 06:57,1575.00,inr,,,,,per_unit,,unspecified,5,true,,,,,,,,,,Kwality House & Supreme HQ,5%,days,Mumbai,7,2,0,7,1575,false,612,Mumbai,true,2,fixed-price,0,false,false,500399,false,absolute,1500,days,13752,package-events,2025-08-26T12:29:51.251Z,false,0,1500,7,false,,Mumbai,false,false,false,7,,7 days,2025-08-25T13:13:15.145Z,2,,500399
price_1SvY7UFDEp8YEMWaBeQkm36M,prod_TtKnvNkNnCYuwu,Strength Lab 2 week Unlimited,,,Mumbai,2026-01-31 06:57,8925.00,inr,,,,,per_unit,,unspecified,5,true,,,,,,,,,,Kwality House & Supreme HQ,5%,days,Mumbai,14,20,0,14,8925,false,36758,Mumbai,true,20,fixed-price,0,false,false,495716,false,absolute,8500,days,13752,package-events,2025-09-22T03:48:22.130Z,false,0,8500,14,false,,Mumbai,false,false,false,7,,14 days,2025-08-18T08:32:21.465Z,20,,495716
price_1SvY7SFDEp8YEMWau2LWeKPR,prod_TtKnSqKe0NRfJc,powerCycle 2 week Unlimited,,,Mumbai,2026-01-31 06:57,8925.00,inr,,,,,per_unit,,unspecified,5,true,,,,,,,,,,Kwality House & Supreme HQ,5%,days,Mumbai,14,20,0,14,8925,false,36758,Mumbai,true,20,fixed-price,0,false,false,495715,false,absolute,8500,days,13752,package-events,2025-09-22T03:48:04.862Z,false,0,8500,14,false,,Mumbai,false,false,false,7,,14 days,2025-08-18T08:31:34.661Z,20,,495715
price_1SvY7RFDEp8YEMWaJC7lEoVn,prod_TtKnAxWzqyYAGM,Barre 2 week Unlimited,,,Mumbai,2026-01-31 06:57,8925.00,inr,,,,,per_unit,,unspecified,5,true,,,,,,,,,,Kwality House & Supreme HQ,5%,days,Mumbai,14,20,0,14,8925,false,36758,Mumbai,true,20,fixed-price,0,false,false,495714,false,absolute,8500,days,13752,package-events,2025-09-22T03:47:45.510Z,false,0,8500,14,false,,Mumbai,false,false,false,7,,14 days,2025-08-18T08:29:59.543Z,20,,495714
price_1SvY7QFDEp8YEMWaJX9S5gaC,prod_TtKnwsJ8xWxIHA,Strength Lab Annual Membership,,,Mumbai,2026-01-31 06:57,173250.00,inr,,,,,per_unit,,unspecified,5,true,,,,,,0,false,false,0,Kwality House & Supreme HQ,5%,days,Mumbai,365,999,12,365,173250,false,36758,Mumbai,true,,fixed-price,0,false,false,495708,false,absolute,165000,days,13752,subscription,2025-09-21T18:37:48.301Z,false,0,165000,365,false,,Mumbai,false,false,false,7,,365 days,2025-08-18T08:07:15.453Z,,,495708
price_1SvY7QFDEp8YEMWa8qZiKip7,prod_TtKmiTL9usPTgU,powerCycle Annual Membership,,,Mumbai,2026-01-31 06:57,173250.00,inr,,,,,per_unit,,unspecified,5,true,,,,,,0,false,false,0,Kwality House & Supreme HQ,5%,days,Mumbai,365,999,12,365,173250,false,36758,Mumbai,true,,fixed-price,0,false,false,495707,false,absolute,165000,days,13752,subscription,2025-09-21T18:37:40.249Z,false,0,165000,365,false,,Mumbai,false,false,false,7,,365 days,2025-08-18T08:06:51.685Z,,,495707
price_1SvY7PFDEp8YEMWamZPXmErr,prod_TtKmUKCmYSWZel,Barre Annual Membership,,,Mumbai,2026-01-31 06:57,173250.00,inr,,,,,per_unit,,unspecified,5,true,,,,,,0,false,false,0,Kwality House & Supreme HQ,5%,days,Mumbai,365,999,12,365,173250,false,36758,Mumbai,true,,fixed-price,0,false,false,495706,false,absolute,165000,days,13752,subscription,2025-09-21T18:37:32.869Z,false,0,165000,365,false,,Mumbai,false,false,false,7,,365 days,2025-08-18T08:06:16.487Z,,,495706
price_1SvY7OFDEp8YEMWascM24pRE,prod_TtKmVOsBAV0UBf,Strength Lab 6 months Unlimited,,,Mumbai,2026-01-31 06:57,89775.00,inr,,,,,per_unit,,unspecified,5,true,,,,,,0,false,false,0,Kwality House & Supreme HQ,5%,days,Mumbai,180,999,6,180,89775,false,36758,Mumbai,true,,fixed-price,0,false,false,495705,false,absolute,85500,days,13752,subscription,2025-09-21T18:37:24.688Z,false,0,85500,180,false,,Mumbai,false,false,false,7,,180 days,2025-08-18T07:59:10.862Z,,,495705
price_1SvY7OFDEp8YEMWawQbG0nTb,prod_TtKmhkiPtdK01A,powerCycle 6 months Unlimited,,,Mumbai,2026-01-31 06:57,89775.00,inr,,,,,per_unit,,unspecified,5,true,,,,,,0,false,false,0,Kwality House & Supreme HQ,5%,days,Mumbai,180,999,6,180,89775,false,36758,Mumbai,true,,fixed-price,0,false,false,495704,false,absolute,85500,days,13752,subscription,2025-09-21T18:37:16.408Z,false,0,85500,180,false,,Mumbai,false,false,false,7,,180 days,2025-08-18T07:58:46.411Z,,,495704
price_1SvY7NFDEp8YEMWaOJnLtepz,prod_TtKmvYRsTFSUc8,Barre 6 month Unlimited,,,Mumbai,2026-01-31 06:57,89775.00,inr,,,,,per_unit,,unspecified,5,true,,,,,,0,false,false,0,Kwality House & Supreme HQ,5%,days,Mumbai,180,999,6,180,89775,false,36758,Mumbai,true,,fixed-price,0,false,false,495703,false,absolute,85500,days,13752,subscription,2025-09-21T18:37:04.657Z,false,0,85500,180,false,,Mumbai,false,false,false,7,,180 days,2025-08-18T07:58:17.254Z,,,495703
price_1SvY7MFDEp8YEMWaNuKcQlmB,prod_TtKmd8BTHk2IVU,Strength Lab 3 months Unlimited,,,Mumbai,2026-01-31 06:57,16012.50,inr,,,,,per_unit,,unspecified,5,true,,,,,,0,false,false,0,Kwality House & Supreme HQ,5%,days,Mumbai,90,999,3,90,16013,false,36758,Mumbai,true,,fixed-price,0,false,false,495702,false,absolute,15250,days,13752,subscription,2025-09-21T18:36:55.491Z,false,0,15250,90,false,,Mumbai,false,false,false,7,,90 days,2025-08-18T07:56:20.919Z,,,495702
price_1SvY7LFDEp8YEMWa0Ft3cvnY,prod_TtKmZWrSCCNVd8,powerCycle 3 months Unlimited,,,Mumbai,2026-01-31 06:57,45675.00,inr,,,,,per_unit,,unspecified,5,true,,,,,,0,false,false,0,Kwality House & Supreme HQ,5%,days,Mumbai,90,999,3,90,45675,false,612,Mumbai,true,,fixed-price,0,false,false,495701,false,absolute,43500,days,13752,subscription,2025-08-18T08:11:37.626Z,false,0,43500,90,false,,Mumbai,false,false,false,7,,90 days,2025-08-18T07:55:53.914Z,,,495701
price_1SvY7LFDEp8YEMWa2fu6YVTQ,prod_TtKmljwGDLqMyk,Barre 3 months Unlimited,,,Mumbai,2026-01-31 06:57,45675.00,inr,,,,,per_unit,,unspecified,5,true,,,,,,0,false,false,0,Kwality House & Supreme HQ,5%,days,Mumbai,90,999,3,90,45675,false,36758,Mumbai,true,,fixed-price,0,false,false,495700,false,absolute,43500,days,13752,subscription,2025-09-21T18:36:45.892Z,false,0,43500,90,false,,Mumbai,false,false,false,7,,90 days,2025-08-18T07:54:36.022Z,,,495700
price_1SvY7KFDEp8YEMWaDS8buofw,prod_TtKm0vufRDCkd8,Strength Lab 1 month Unlimited,,,Mumbai,2026-01-31 06:57,16012.50,inr,,,,,per_unit,,unspecified,5,true,,,,,,0,false,false,0,Kwality House & Supreme HQ,5%,days,Mumbai,30,999,1,30,16013,false,36758,Mumbai,true,,fixed-price,0,false,false,495697,false,absolute,15250,days,13752,subscription,2025-09-21T18:36:03.055Z,false,0,15250,30,false,,Mumbai,false,false,false,7,,30 days,2025-08-18T07:28:10.298Z,,,495697
price_1SvY7JFDEp8YEMWaQY8ezqLT,prod_TtKmWOZSBVvode,powerCycle 1 month Unlimited,,,Mumbai,2026-01-31 06:57,16012.50,inr,,,,,per_unit,,unspecified,5,true,,,,,,0,false,false,0,Kwality House & Supreme HQ,5%,days,Mumbai,30,999,1,30,16013,false,36758,Mumbai,true,,fixed-price,0,false,false,495696,false,absolute,15250,days,13752,subscription,2025-09-21T18:35:51.735Z,false,0,15250,30,false,,Mumbai,false,false,false,7,,30 days,2025-08-18T07:26:43.415Z,,,495696
price_1SvY7JFDEp8YEMWa87sihXTv,prod_TtKm0wAOn5CH3Q,Barre 1 month Unlimited,,,Mumbai,2026-01-31 06:57,16012.50,inr,,,,,per_unit,,unspecified,5,true,,,,,,0,false,false,0,Kwality House & Supreme HQ,5%,days,Mumbai,30,999,1,30,16013,false,36758,Mumbai,true,,fixed-price,0,false,false,495695,false,absolute,15250,days,13752,subscription,2025-09-21T18:35:41.481Z,false,0,15250,30,false,,Mumbai,false,false,false,7,,30 days,2025-08-18T07:25:48.566Z,,,495695
price_1SvY7IFDEp8YEMWay3FP5pId,prod_TtKmv6UIIvE0EB,Virtual Privates - Anisha x 10,,,Mumbai,2026-01-31 06:57,56700.00,inr,,,,,per_unit,,unspecified,5,true,,,,,,,,,,Kwality House & Supreme HQ,5%,days,Mumbai,500,10,17,500,56700,false,36758,Mumbai,true,10,fixed-price,0,false,false,467481,false,absolute,54000,days,13752,package-events,2025-09-22T03:47:21.800Z,false,0,54000,500,false,,Mumbai,false,false,false,7,,500 days,2025-07-03T10:25:15.636Z,10,,467481
price_1SvY7HFDEp8YEMWauCmsbL4e,prod_TtKmX1VhEEOF5V,Virtual Private - Anisha,,,Mumbai,2026-01-31 06:57,5670.00,inr,,,,,per_unit,,unspecified,5,true,,,,,,,,,,Kwality House & Supreme HQ,5%,days,Mumbai,7,1,0,7,5670,false,36758,Mumbai,true,1,fixed-price,0,false,false,467480,false,absolute,5400,days,13752,package-events,2025-09-22T03:47:10.396Z,false,0,5400,7,false,,Mumbai,false,false,false,7,,7 days,2025-07-03T10:23:11.998Z,1,,467480
price_1SvY7HFDEp8YEMWaEp6uyZvN,prod_TtKmp5s74lTAGC,Studio Privates - Anisha x 10,,,Mumbai,2026-01-31 06:57,62475.00,inr,,,,,per_unit,,unspecified,5,true,,,,,,,,,,Kwality House & Supreme HQ,5%,days,Mumbai,70,10,2,70,62475,false,36758,Mumbai,true,10,fixed-price,0,false,false,423239,false,absolute,59500,days,13752,package-events,2025-09-22T03:46:45.213Z,false,0,59500,70,false,,Mumbai,false,false,false,7,,70 days,2025-05-08T11:10:38.386Z,10,,423239
price_1SvY7GFDEp8YEMWaU3xSeSbJ,prod_TtKmYcZ1Dg2mD8,Studio Private - Anisha (Single Class),,,Mumbai,2026-01-31 06:57,6247.50,inr,,,,,per_unit,,unspecified,5,true,,,5900,,,,,,,Kwality House & Supreme HQ,5%,days,Mumbai,7,1,0,7,6248,false,36758,Mumbai,true,1,fixed-price,0,false,false,423238,false,absolute,5950,days,13752,package-events,2025-09-22T03:46:23.766Z,false,0,5950,7,false,,Mumbai,false,false,false,7,,7 days,2025-05-08T11:08:17.992Z,1,,423238
price_1SvY7FFDEp8YEMWalB9pVZiG,prod_TtKmL7axUvNLYZ,Studio Extended 10 Single Class Pack,,,Mumbai,2026-01-31 06:57,15750.00,inr,,,,,per_unit,,unspecified,5,true,,,,10,0,0,false,false,0,Kwality House & Supreme HQ,5%,days,Mumbai,90,10,3,90,15750,false,36758,Mumbai,true,,fixed-price,0,false,false,395212,false,absolute,15000,days,13752,subscription,2025-09-21T18:35:20.113Z,false,0,15000,90,false,,Mumbai,false,false,false,7,,90 days,2025-03-18T11:05:58.514Z,10,,395212
price_1SvY7FFDEp8YEMWaLDEiz1Hu,prod_TtKmxJjnNEIO75,Newcomers 2 For 1,,,Mumbai,2026-01-31 06:57,1837.50,inr,,,,,per_unit,,unspecified,5,true,,,,,,,,,,Kwality House & Supreme HQ,5%,days,Mumbai,14,2,0,14,1838,true,36758,Mumbai,true,2,fixed-price,0,false,false,240932,false,absolute,1750,days,13752,package-events,2026-01-01T05:41:57.466Z,false,0,1750,14,false,,Mumbai,false,false,true,7,,14 days,2024-07-30T10:44:56.739Z,2,,240932
price_1SvY7EFDEp8YEMWah3j8lniC,prod_TtKmLg6mNyIyIq,Virtual Private Class X 10,,,Mumbai,2026-01-31 06:57,47250.00,inr,,,,,per_unit,,unspecified,5,true,,,,,,,,,,Kwality House & Supreme HQ,5%,days,Mumbai,70,10,2,70,47250,false,36758,Mumbai,true,10,fixed-price,0,false,false,149879,false,absolute,45000,days,13752,package-events,2025-09-22T03:45:24.791Z,false,0,45000,70,false,,Mumbai,false,false,false,7,,70 days,2024-01-12T11:42:05.191Z,10,61,149879
price_1SvY7DFDEp8YEMWa8oGwSjWq,prod_TtKmS22b3K4A6w,Studio Annual Membership - Monthly Intsallment,,,Mumbai,2026-01-31 06:57,14437.50,inr,,,,,per_unit,,unspecified,5,true,,,,,,0,false,false,0,Kwality House & Supreme HQ,5%,days,Mumbai,30,999,1,30,14438,false,36758,Mumbai,false,,fixed-price,0,false,false,144454,false,absolute,13750,days,13752,subscription,2025-09-21T18:35:11.373Z,false,0,13750,30,false,,Mumbai,false,false,false,7,,30 days,2023-12-27T11:06:24.867Z,,60,144454
price_1SvY7DFDEp8YEMWa1dymRmsY,prod_TtKmEgLxFIa95U,Studio Private Class X 10,,,Mumbai,2026-01-31 06:57,52500.00,inr,,,,,per_unit,,unspecified,5,true,,,,,,,,,,Kwality House & Supreme HQ,5%,days,Mumbai,70,10,2,70,52500,false,36758,Mumbai,true,10,fixed-price,0,false,false,121839,false,absolute,50000,days,13752,package-events,2025-09-22T03:45:08.600Z,false,0,50000,70,false,,Mumbai,false,false,false,7,,70 days,2023-10-24T13:04:14.298Z,10,56,121839
price_1SvY7CFDEp8YEMWayIEdRVRs,prod_TtKmZhtdKoZUs0,Studio 3 Month U/L Monthly Installment,,,Mumbai,2026-01-31 06:57,15225.00,inr,,,,,per_unit,,unspecified,5,true,,,,,0,0,false,false,0,Kwality House & Supreme HQ,5%,days,Mumbai,30,999,1,30,15225,false,36758,Mumbai,true,,fixed-price,0,false,false,116641,false,absolute,14500,days,13752,subscription,2025-09-21T18:34:29.852Z,false,0,14500,30,false,,Mumbai,false,false,false,7,,30 days,2023-10-04T09:10:24.768Z,0,45,116641
price_1SvY7BFDEp8YEMWaeK4b1dif,prod_TtKmpXQvoCwvA1,Studio Happy Hour Private,,,Mumbai,2026-01-31 06:57,3150.00,inr,,,,,per_unit,,unspecified,5,true,,,,,,,,,,Kwality House & Supreme HQ,5%,days,Mumbai,7,1,0,7,3150,false,36758,Mumbai,false,1,fixed-price,0,false,false,98500,false,absolute,3000,days,13752,package-events,2025-09-22T03:44:56.859Z,false,0,3000,,false,,Mumbai,false,false,false,7,,,2023-07-28T07:38:42.914Z,1,44,98500
price_1SvY7BFDEp8YEMWaZs8ynjVa,prod_TtKmnRjWdAOYSr,Virtual Private Class,,,Mumbai,2026-01-31 06:57,4725.00,inr,,,,,per_unit,,unspecified,5,true,,,,,,,,,,Kwality House & Supreme HQ,5%,days,Mumbai,7,1,0,7,4725,false,36758,Mumbai,false,1,fixed-price,0,false,false,97977,false,absolute,4500,days,13752,package-events,2025-09-22T03:41:35.281Z,false,0,4500,,false,,Mumbai,false,false,false,7,,,2023-07-25T10:50:44.551Z,1,39,97977
price_1SvY7AFDEp8YEMWa27mN0OWc,prod_TtKm27zXS1FJxN,Festive 5 Package,,,Bengaluru,2026-01-31 06:57,4672.50,inr,,,,,per_unit,,unspecified,5,true,,,,,,,,,,Kenkere House,5%,days,Bengaluru,14,5,0,14,4673,false,3457,Bengaluru,true,5,fixed-price,0,false,false,597491,false,absolute,4450,days,33905,package-events,2025-12-13T06:29:23.972Z,false,0,4450,14,false,,Bengaluru,false,false,true,7,,14 days,2025-12-13T06:29:23.972Z,5,,597491
price_1SvY7AFDEp8YEMWaCHIvGPwo,prod_TtKmKzZTkpf3WW,Anniversary Starter Pack,,,Bengaluru,2026-01-31 06:57,13125.00,inr,,,,,per_unit,,unspecified,5,true,,,,12,0,0,false,false,0,Kenkere House,5%,days,Bengaluru,45,0,2,45,13125,false,3457,Bengaluru,false,,fixed-price,0,false,false,563318,false,absolute,12500,days,33905,subscription,2025-10-29T08:29:00.065Z,false,0,12500,45,false,,Bengaluru,false,false,true,7,,45 days,2025-10-29T08:27:02.739Z,12,,563318
price_1SvY79FDEp8YEMWaWwflSmtI,prod_TtKms0VBhssjN9,Copper + Cloves 10 Class Pack,,,Bengaluru,2026-01-31 06:57,8505.00,inr,,,,,per_unit,,unspecified,5,true,,,,10,,0,false,false,0,Kenkere House,5%,days,Bengaluru,90,10,3,90,8505,false,3457,Bengaluru,true,,fixed-price,0,false,false,555182,true,absolute,8100,days,33905,subscription,2025-10-27T06:43:32.127Z,false,0,8100,90,false,,Bengaluru,false,false,false,7,,90 days,2025-10-14T08:59:57.939Z,10,,555182
price_1SvY78FDEp8YEMWa8dmFj8mT,prod_TtKmtqX26o1J4G,Copper + Cloves Credit,,,Bengaluru,2026-01-31 06:57,472.50,inr,,,,,per_unit,,unspecified,5,true,,,,,,,,,,Kenkere House,5%,days,Bengaluru,7,1,0,7,473,false,3457,Bengaluru,true,1,fixed-price,0,false,false,548529,false,absolute,450,days,33905,package-events,2025-10-01T13:01:21.405Z,false,0,450,7,false,,Bengaluru,false,false,false,7,,7 days,2025-10-01T13:01:21.405Z,1,,548529
price_1SvY77FDEp8YEMWaE7uqFS9u,prod_TtKmQ56bRI9NVI,Copper + Cloves Single Class Package,,,Bengaluru,2026-01-31 06:57,945.00,inr,,,,,per_unit,,unspecified,5,true,,,,,,,,,,Kenkere House,5%,days,Bengaluru,7,1,0,7,945,false,3457,Bengaluru,true,1,fixed-price,0,false,false,548528,true,absolute,900,days,33905,package-events,2025-12-15T09:51:07.149Z,false,0,900,7,false,,Bengaluru,false,false,false,7,,7 days,2025-10-01T12:58:38.264Z,1,,548528
price_1SvY76FDEp8YEMWaULpI8dBg,prod_TtKmhztBfXgQaK,Studio 4 Private Class Package,,,Bengaluru,2026-01-31 06:57,11550.00,inr,,,,,per_unit,,unspecified,5,true,,,,,4,0,false,false,0,Kenkere House,5%,days,Bengaluru,30,4,1,30,11550,false,3457,Bengaluru,true,,fixed-price,0,false,false,523700,false,absolute,11000,days,33905,subscription,2025-09-22T07:28:55.933Z,false,0,11000,30,false,,Bengaluru,false,false,false,7,,30 days,2025-09-08T06:31:44.026Z,4,,523700
price_1SvY76FDEp8YEMWaTLUs12zd,prod_TtKmpIqzs4sADl,6 Private Classes & 2 Studio Single Classes,,,Bengaluru,2026-01-31 06:57,27247.50,inr,,,,,per_unit,,unspecified,5,true,,,,2,6,0,false,false,0,Kenkere House,5%,days,Bengaluru,30,8,1,30,27248,false,3457,Bengaluru,true,,fixed-price,0,false,false,498632,false,absolute,25950,days,33905,subscription,2025-09-22T07:28:25.597Z,false,0,25950,30,false,,Bengaluru,false,false,false,7,,30 days,2025-08-21T09:03:07.413Z,2,,498632
price_1SvY75FDEp8YEMWa6s9zYDMt,prod_TtKm87FKvsbqnn,Newcomer 8 Class Package,,,Bengaluru,2026-01-31 06:56,8715.00,inr,,,,,per_unit,,unspecified,5,true,,,,,,0,false,false,0,Kenkere House,5%,days,Bengaluru,60,8,2,60,8715,false,3457,Bengaluru,true,,fixed-price,0,false,false,426901,false,absolute,8300,days,33905,subscription,2025-09-22T07:28:09.125Z,false,0,8300,60,false,,Bengaluru,false,false,true,7,,60 days,2025-05-12T09:58:43.089Z,,,426901
price_1SvY74FDEp8YEMWayuL8krCv,prod_TtKm4mSBzVQGnK,Kickstarter Pack - 5 classes in 10 days,,,Bengaluru,2026-01-31 06:56,5145.00,inr,,,,,per_unit,,unspecified,5,true,,,,,,,,,,Kenkere House,5%,days,Bengaluru,10,5,0,10,5145,false,3457,Bengaluru,true,5,fixed-price,0,false,false,426898,false,absolute,4900,days,33905,package-events,2025-09-22T08:00:14.224Z,false,0,4900,10,false,,Bengaluru,false,false,true,7,,10 days,2025-05-12T09:54:31.051Z,5,,426898
price_1SvY73FDEp8YEMWaIMnFU0o0,prod_TtKmoDsPHOaDuB,Summer Bootcamp - Studio 6 Week Unlimited,,,Bengaluru,2026-01-31 06:56,23100.00,inr,,,,,per_unit,,unspecified,5,true,,,,9999,0,0,false,false,0,Kenkere House,5%,days,Bengaluru,42,999,1,42,23100,false,2644,Bengaluru,true,,fixed-price,0,false,false,415305,false,absolute,22000,days,33905,subscription,2025-04-29T11:04:39.562Z,false,0,22000,42,false,,Bengaluru,false,false,true,7,,42 days,2025-04-25T10:18:49.452Z,9999,,415305
price_1SvY73FDEp8YEMWaJnEOnk1P,prod_TtKmoDsPHOaDuB,Summer Bootcamp - Studio 6 Week Unlimited,,,Mumbai,2026-01-31 06:56,31500.00,inr,,,,,per_unit,,unspecified,5,true,,,,,,0,false,false,0,Kwality House & Supreme HQ,5%,days,Mumbai,42,999,1,42,31500,false,36758,Mumbai,true,,fixed-price,0,false,false,415299,false,absolute,30000,days,13752,subscription,2025-09-21T18:35:30.409Z,false,0,30000,42,false,,Mumbai,false,false,true,7,,42 days,2025-04-25T08:13:47.106Z,,,415299
price_1SvY72FDEp8YEMWaBmK7oh4j,prod_TtKmeqRuntt4gP,New Studio 10 Single Class Pack,,,Bengaluru,2026-01-31 06:56,12600.00,inr,,,,,per_unit,,unspecified,5,true,,,,10,,0,false,false,0,Kenkere House,5%,days,Bengaluru,90,10,3,90,12600,false,3457,Bengaluru,true,,fixed-price,0,false,false,395193,true,absolute,12000,days,33905,subscription,2025-10-02T04:26:28.228Z,false,0,12000,90,false,,Bengaluru,false,false,false,7,,90 days,2025-03-18T10:17:48.010Z,10,,395193
price_1SvY72FDEp8YEMWaMgkMUTBO,prod_TtKmohhbz6Xls3,Studio Newcomer 2 for 1,,,Bengaluru,2026-01-31 06:56,1417.50,inr,,,,,per_unit,,unspecified,5,true,,,,,,,,,,Kenkere House,5%,days,Bengaluru,7,2,0,7,1418,false,3457,Bengaluru,true,2,fixed-price,0,false,false,302239,false,absolute,1350,days,33905,package-events,2026-01-01T05:41:02.244Z,false,0,1350,7,false,,Bengaluru,false,false,true,7,,7 days,2024-11-09T06:22:44.800Z,2,,302239
price_1SvY71FDEp8YEMWa2Rjnw9RG,prod_TtKmhq3OENO0nd,Studio 30 Private Class Package,,,Bengaluru,2026-01-31 06:56,123637.50,inr,,,,,per_unit,,unspecified,5,true,,,,,30,0,false,false,0,Kenkere House,5%,days,Bengaluru,210,30,7,210,123638,false,3457,Bengaluru,true,,fixed-price,0,false,false,237643,false,absolute,117750,days,33905,subscription,2025-09-22T07:27:17.982Z,false,0,117750,210,false,,Bengaluru,false,false,false,7,,210 days,2024-07-17T13:44:14.875Z,30,,237643
price_1SvY70FDEp8YEMWa56GihCM0,prod_TtKmvSUROgNQmB,Studio Private Class,,,Bengaluru,2026-01-31 06:56,4121.25,inr,,,,,per_unit,,unspecified,5,true,,,,,,,,,,Kenkere House,5%,days,Bengaluru,7,1,0,7,4121,false,3457,Bengaluru,true,1,fixed-price,0,false,false,173094,false,absolute,3925,days,33905,package-events,2025-09-22T07:50:31.832Z,false,0,3925,7,false,,Bengaluru,false,false,false,7,,7 days,2024-03-19T09:54:05.720Z,1,36,173094
price_1SvY70FDEp8YEMWac4gYe8PO,prod_TtKmvSUROgNQmB,Studio Private Class,,,Mumbai,2026-01-31 06:56,5250.00,inr,,,,,per_unit,,unspecified,5,true,,900,5900,,,,,,,Kwality House & Supreme HQ,5%,days,Mumbai,7,1,0,7,5250,false,36758,Mumbai,true,1,fixed-price,0,false,false,65342,false,absolute,5000,days,13752,package-events,2025-09-22T03:41:18.366Z,false,0,5000,7,false,,Mumbai,false,false,false,7,,7 days,2023-04-06T10:21:56.310Z,1,25,65342
price_1SvY6zFDEp8YEMWaY7I6M4AX,prod_TtKm6u4yora5cm,Studio 30 Single Class Pack,,,Bengaluru,2026-01-31 06:56,37800.00,inr,,,,,per_unit,,unspecified,5,true,,,,30,,0,false,false,0,Kenkere House,5%,days,Bengaluru,140,30,5,140,37800,false,3457,Bengaluru,true,,fixed-price,0,false,false,159882,false,absolute,36000,days,33905,subscription,2025-09-22T07:26:29.226Z,false,0,36000,140,false,,Bengaluru,false,false,false,7,,140 days,2024-02-06T06:11:40.779Z,30,23,159882
price_1SvY6zFDEp8YEMWaj8DqedO1,prod_TtKm6u4yora5cm,Studio 30 Single Class Pack,,,Mumbai,2026-01-31 06:56,47250.00,inr,,,,,per_unit,,unspecified,5,true,,,,30,0,0,false,false,0,Kwality House & Supreme HQ,5%,days,Mumbai,140,30,5,140,47250,false,36758,Mumbai,true,,fixed-price,0,false,false,98515,false,absolute,45000,days,13752,subscription,2025-09-21T18:35:02.875Z,false,0,45000,140,false,,Mumbai,false,false,false,7,,140 days,2023-07-28T09:09:58.318Z,30,48,98515
price_1SvY6yFDEp8YEMWaibCSoJ06,prod_TtKmLathZc0p0T,Studio 10 Single Class Pack,,,Bengaluru,2026-01-31 06:56,12600.00,inr,,,,,per_unit,,unspecified,5,true,,,,10,,0,false,false,0,Kenkere House,5%,days,Bengaluru,70,10,2,70,12600,false,3457,Bengaluru,true,,fixed-price,0,false,false,159880,false,absolute,12000,days,33905,subscription,2025-09-22T07:26:16.165Z,false,0,12000,70,false,,Bengaluru,false,false,false,7,,70 days,2024-02-06T06:05:07.252Z,10,22,159880
price_1SvY6yFDEp8YEMWanzpdyqSg,prod_TtKmLathZc0p0T,Studio 10 Single Class Pack,,,Mumbai,2026-01-31 06:56,15750.00,inr,,,,,per_unit,,unspecified,5,true,,,,10,0,0,false,false,0,Kwality House & Supreme HQ,5%,days,Mumbai,70,10,2,70,15750,false,36758,Mumbai,true,,fixed-price,0,false,false,98513,false,absolute,15000,days,13752,subscription,2025-09-21T18:34:53.525Z,false,0,15000,70,false,,Mumbai,false,false,false,7,,70 days,2023-07-28T09:09:01.549Z,10,47,98513
price_1SvY6xFDEp8YEMWagyk5sRm1,prod_TtKmoYYCKSzqE8,Studio 20 Single Class Pack,,,Bengaluru,2026-01-31 06:56,25200.00,inr,,,,,per_unit,,unspecified,5,true,,,,20,,0,false,false,0,Kenkere House,5%,days,Bengaluru,105,20,4,105,25200,false,3457,Bengaluru,true,,fixed-price,0,false,false,159883,false,absolute,24000,days,33905,subscription,2025-09-22T07:26:42.650Z,false,0,24000,105,false,,Bengaluru,false,false,false,7,,105 days,2024-02-06T06:14:14.736Z,20,24,159883
price_1SvY6xFDEp8YEMWao0VpBjcf,prod_TtKmoYYCKSzqE8,Studio 20 Single Class Pack,,,Mumbai,2026-01-31 06:56,31500.00,inr,,,,,per_unit,,unspecified,5,true,,,,20,0,0,false,false,0,Kwality House & Supreme HQ,5%,days,Mumbai,105,20,4,105,31500,false,36758,Mumbai,true,,fixed-price,0,false,false,98510,false,absolute,30000,days,13752,subscription,2025-09-21T18:34:41.365Z,false,0,30000,105,false,,Mumbai,false,false,false,7,,105 days,2023-07-28T09:08:04.215Z,20,46,98510
price_1SvY6wFDEp8YEMWaLqxHd2Xt,prod_TtKmeTVGmVWHWU,test,,,Bengaluru,2026-01-31 06:56,10500.00,inr,,,,,per_unit,,unspecified,5,true,,,,0,0,0,false,false,0,Kenkere House,5%,days,Bengaluru,60,0,2,60,10500,false,2644,Bengaluru,false,,fixed-price,0,false,false,393946,false,absolute,10000,days,33905,subscription,2025-03-13T08:50:41.390Z,false,0,10000,60,false,,Bengaluru,false,false,false,7,,60 days,2025-03-13T08:50:41.390Z,0,,393946
price_1SvY6vFDEp8YEMWatUEtc9qX,prod_TtKmQ89hEpNQ4U,Hosted Class 2 Week Unlimited Membership,,,Bengaluru,2026-01-31 06:56,7560.00,inr,,,,,per_unit,,unspecified,5,true,,,,,,,,,,Kenkere House,5%,days,Bengaluru,14,999,0,14,7560,false,2644,Bengaluru,true,999,fixed-price,0,false,false,111543,false,absolute,7200,days,33905,package-events,2024-12-31T22:16:30.173Z,false,0,7200,14,false,,Bengaluru,false,false,false,7,,14 days,2023-09-15T10:59:05.789Z,999,13,111543
price_1SvY6uFDEp8YEMWa1orz3OF2,prod_TtKmCHzFDfy9Ro,Studio 12 Class Package,,,Bengaluru,2026-01-31 06:56,13125.00,inr,,,,,per_unit,,unspecified,5,true,,,,12,0,0,false,false,0,Kenkere House,5%,days,Bengaluru,45,12,2,45,13125,false,3457,Bengaluru,true,,fixed-price,0,false,false,111538,true,absolute,12500,days,33905,subscription,2025-10-02T04:26:13.605Z,false,0,12500,45,false,,Bengaluru,false,false,false,7,,45 days,2023-09-15T09:53:40.246Z,12,12,111538
price_1SvY6uFDEp8YEMWadyFk4wHW,prod_TtKmCHzFDfy9Ro,Studio 12 Class Package,,,Mumbai,2026-01-31 06:56,15802.50,inr,,,,,per_unit,,unspecified,5,true,,,,12,0,0,false,false,0,Kwality House & Supreme HQ,5%,days,Mumbai,45,12,2,45,15803,false,36758,Mumbai,true,,fixed-price,0,false,false,97885,true,absolute,15050,days,13752,subscription,2025-09-21T18:33:24.925Z,false,0,15050,45,false,,Mumbai,false,false,false,7,,45 days,2023-07-24T11:02:20.609Z,12,12,97885
price_1SvY43FDEp8YEMWabPQOeg6m,prod_TtKj3aq4Q11yG9,Studio 8 Class Package,,,Bengaluru,2026-01-31 06:53,8715.00,inr,,,,,per_unit,,unspecified,5,true,,,,8,0,0,false,false,0,Kenkere House,5%,days,Bengaluru,30,8,1,30,8715,false,3457,Bengaluru,true,,fixed-price,0,false,false,111537,true,absolute,8300,months,33905,subscription,2025-10-02T04:26:12.047Z,false,0,8300,1,false,,Bengaluru,false,false,false,7,,1 months,2023-09-15T09:52:40.466Z,8,11,111537
price_1SvY42FDEp8YEMWaYP6QJNFb,prod_TtKj3aq4Q11yG9,Studio 8 Class Package,,,Mumbai,2026-01-31 06:53,10710.00,inr,,,,,per_unit,,unspecified,5,true,,,,8,0,0,false,false,0,Kwality House & Supreme HQ,5%,days,Mumbai,30,8,1,30,10710,false,36758,Mumbai,true,,fixed-price,0,false,false,97883,true,absolute,10200,days,13752,subscription,2025-09-21T18:33:14.532Z,false,0,10200,30,false,,Mumbai,false,false,false,7,,30 days,2023-07-24T11:01:21.684Z,8,10,97883
price_1SvY41FDEp8YEMWapqjyhm6g,prod_TtKjW2TTtggXIs,Studio 6 Month Unlimited Membership,,,Bengaluru,2026-01-31 06:53,82215.00,inr,,,,,per_unit,,unspecified,5,true,,,,,,0,false,false,0,Kenkere House,5%,days,Bengaluru,180,999,6,180,82215,false,3457,Bengaluru,true,,fixed-price,0,false,false,111536,true,absolute,78300,months,33905,subscription,2025-10-02T04:26:11.149Z,false,0,78300,6,false,,Bengaluru,false,false,false,7,,6 months,2023-09-15T09:51:36.818Z,,10,111536
price_1SvY41FDEp8YEMWah5TIJFS5,prod_TtKjW2TTtggXIs,Studio 6 Month Unlimited Membership,,,Mumbai,2026-01-31 06:53,104737.50,inr,,,,,per_unit,,unspecified,5,true,,,,,,0,false,false,0,Kwality House & Supreme HQ,5%,days,Mumbai,180,999,6,180,104738,false,1808,Mumbai,true,,fixed-price,0,false,false,97972,true,absolute,99750,months,13752,subscription,2025-09-21T18:34:08.593Z,false,0,99750,6,false,,Mumbai,false,false,false,7,,6 months,2023-07-25T08:30:26.380Z,,29,97972
price_1SvY40FDEp8YEMWaBMyY0dTx,prod_TtKjAVPN5crxLD,Studio Annual Unlimited Membership,,,Bengaluru,2026-01-31 06:53,156240.00,inr,,,,,per_unit,,unspecified,5,true,,,,,,0,false,false,0,Kenkere House,5%,days,Bengaluru,365,999,12,365,156240,false,3457,Bengaluru,true,,fixed-price,0,false,false,111535,true,absolute,148800,years,33905,subscription,2025-12-19T07:12:11.032Z,false,3,148800,1,false,,Bengaluru,true,false,false,7,,1 years,2023-09-15T09:50:07.912Z,,9,111535
price_1SvY3zFDEp8YEMWawvrN2EIR,prod_TtKjAVPN5crxLD,Studio Annual Unlimited Membership,,,Mumbai,2026-01-31 06:53,202125.00,inr,,,,,per_unit,,unspecified,5,true,,,,1000,0,0,false,false,0,Kwality House & Supreme HQ,5%,days,Mumbai,365,999,12,365,202125,false,36758,Mumbai,true,,fixed-price,0,false,false,69067,true,absolute,192500,months,13752,subscription,2025-11-03T09:06:28.394Z,false,0,192500,12,false,,Mumbai,false,false,false,7,,12 months,2023-04-26T08:10:12.591Z,1000,31,69067
price_1SvY3yFDEp8YEMWasqmVLZFu,prod_TtKjB365h8xw7T,Studio 3 Month Unlimited Membership,,,Bengaluru,2026-01-31 06:53,42210.00,inr,,,,,per_unit,,unspecified,5,true,,,,,,0,false,false,0,Kenkere House,5%,days,Bengaluru,90,999,3,90,42210,false,3457,Bengaluru,true,,fixed-price,0,false,false,111534,true,absolute,40200,months,33905,subscription,2025-10-02T04:26:08.819Z,false,0,40200,3,false,,Bengaluru,false,false,false,7,,3 months,2023-09-15T09:49:06.605Z,,8,111534
price_1SvY3yFDEp8YEMWaIMElwcKK,prod_TtKjB365h8xw7T,Studio 3 Month Unlimited Membership,,,Mumbai,2026-01-31 06:53,53287.50,inr,,,,,per_unit,,unspecified,5,true,,,,,0,0,false,false,0,Kwality House & Supreme HQ,5%,days,Mumbai,90,0,3,90,53288,false,36758,Mumbai,true,,fixed-price,0,false,false,69065,true,absolute,50750,months,13752,subscription,2025-12-19T09:58:49.280Z,false,0,50750,3,false,,Mumbai,false,false,false,7,,3 months,2023-04-26T08:04:49.906Z,0,28,69065
price_1SvY3xFDEp8YEMWa9yM49c65,prod_TtKjS5HrTvbrSN,Studio 1 Month Unlimited Membership,,,Bengaluru,2026-01-31 06:53,14595.00,inr,,,,,per_unit,,unspecified,5,true,,,,,,0,false,false,0,Kenkere House,5%,days,Bengaluru,30,999,1,30,14595,false,3457,Bengaluru,true,,fixed-price,0,false,false,111533,true,absolute,13900,months,33905,subscription,2025-10-02T04:26:07.079Z,false,0,13900,1,false,,Bengaluru,false,false,false,7,,1 months,2023-09-15T09:48:07.127Z,,7,111533
price_1SvY3xFDEp8YEMWad7BDJQOd,prod_TtKjS5HrTvbrSN,Studio 1 Month Unlimited Membership,,,Mumbai,2026-01-31 06:53,18637.50,inr,,,,,per_unit,,unspecified,5,true,,,,,,0,false,false,0,Kwality House & Supreme HQ,5%,days,Mumbai,30,999,1,30,18638,false,36758,Mumbai,true,,fixed-price,0,false,false,69064,true,absolute,17750,months,13752,subscription,2025-09-21T18:33:34.068Z,false,0,17750,1,false,,Mumbai,false,false,false,7,,1 months,2023-04-26T08:01:15.680Z,,27,69064
price_1SvY3wFDEp8YEMWaN4hPVrjV,prod_TtKjUQPw3866Ic,Studio 2 Week Unlimited,,,Bengaluru,2026-01-31 06:53,7560.00,inr,,,,,per_unit,,unspecified,5,true,,,,,,,,,,Kenkere House,5%,days,Bengaluru,14,999,0,14,7560,false,3457,Bengaluru,true,999,fixed-price,0,false,false,111532,true,absolute,7200,days,33905,package-events,2026-01-12T16:32:11.280Z,false,0,7200,14,false,,Bengaluru,false,false,false,7,,14 days,2023-09-15T09:46:29.486Z,999,6,111532
price_1SvY3vFDEp8YEMWa1fH9h0uY,prod_TtKjUQPw3866Ic,Studio 2 Week Unlimited,,,Mumbai,2026-01-31 06:53,10412.33,inr,,,,,per_unit,,unspecified,5,true,,,,,,,,,,Kwality House & Supreme HQ,5%,days,Mumbai,14,999,0,14,10412,false,36758,Mumbai,true,999,fixed-price,0,false,false,27849,true,absolute,9916.5,days,13752,package-events,2025-09-22T03:40:35.777Z,false,0,9916.5,14,false,,Mumbai,false,false,false,7,,14 days,2022-06-23T06:59:43.312Z,999,14,27849
price_1SvY3vFDEp8YEMWanARjXxqy,prod_TtKjgfq2T8uTHd,Studio Newcomers 2 Week Unlimited Membership,,,Bengaluru,2026-01-31 06:53,6037.50,inr,,,,,per_unit,,unspecified,5,true,,,,,,,,,,Kenkere House,5%,days,Bengaluru,14,999,0,14,6038,false,3457,Bengaluru,true,999,fixed-price,0,false,false,111531,false,absolute,5750,days,33905,package-events,2025-09-22T07:30:20.529Z,false,0,5750,14,false,,Bengaluru,false,false,false,7,,14 days,2023-09-15T09:42:42.537Z,999,5,111531
price_1SvY3uFDEp8YEMWaP2jzJm2z,prod_TtKjgfq2T8uTHd,Studio Newcomers 2 Week Unlimited Membership,,,Mumbai,2026-01-31 06:53,7875.00,inr,,,,,per_unit,,unspecified,5,true,,,,,,,,,,Kwality House & Supreme HQ,5%,days,Mumbai,14,999,0,14,7875,false,36758,Mumbai,true,999,fixed-price,0,false,false,27848,false,absolute,7500,days,13752,package-events,2025-09-22T04:07:49.383Z,false,0,7500,14,false,,Mumbai,false,false,true,7,,14 days,2022-06-23T06:56:44.676Z,999,13,27848
price_1SvY3uFDEp8YEMWaDN0teX3k,prod_TtKjuTn3uxrZtX,Studio 4 Class Package,,,Bengaluru,2026-01-31 06:53,4672.50,inr,,,,,per_unit,,unspecified,5,true,,,,,,,,,,Kenkere House,5%,days,Bengaluru,14,4,0,14,4673,false,3457,Bengaluru,true,4,fixed-price,0,false,false,111530,true,absolute,4450,days,33905,package-events,2025-10-02T04:25:54.214Z,false,0,4450,14,false,,Bengaluru,false,false,false,7,,14 days,2023-09-15T09:41:28.091Z,4,4,111530
price_1SvY3tFDEp8YEMWaWF82tJRQ,prod_TtKjuTn3uxrZtX,Studio 4 Class Package,,,Mumbai,2026-01-31 06:53,5617.50,inr,,,,,per_unit,,unspecified,5,true,,,,,,,,,,Kwality House & Supreme HQ,5%,days,Mumbai,14,4,0,14,5618,false,36758,Mumbai,true,4,fixed-price,0,false,false,25768,true,absolute,5350,days,13752,package-events,2025-09-22T03:40:24.249Z,false,0,5350,14,false,,Mumbai,false,false,false,7,,14 days,2022-05-20T09:06:15.456Z,4,4,25768
price_1SvY3sFDEp8YEMWaXio0FOx8,prod_TtKjd5Qbeo9xWj,Studio Single Class,,,Bengaluru,2026-01-31 06:53,1417.50,inr,,,,,per_unit,,unspecified,5,true,,,,,,,,,,Kenkere House,5%,days,Bengaluru,7,1,0,7,1418,false,3457,Bengaluru,true,1,fixed-price,0,false,false,111528,true,absolute,1350,days,33905,package-events,2026-01-12T16:31:57.539Z,false,0,1350,7,false,,Bengaluru,false,false,false,7,,7 days,2023-09-15T09:38:13.576Z,1,2,111528
price_1SvY3sFDEp8YEMWa5exXSDnw,prod_TtKjd5Qbeo9xWj,Studio Single Class,,,Mumbai,2026-01-31 06:53,1837.50,inr,,,,,per_unit,,unspecified,5,true,,,,,,,,,,Kwality House & Supreme HQ,5%,days,Mumbai,7,1,0,7,1838,false,36758,Mumbai,true,1,fixed-price,0,false,false,27845,true,absolute,1750,days,13752,package-events,2026-01-01T05:41:39.623Z,false,0,1750,7,false,,Mumbai,false,false,false,7,,7 days,2022-06-23T06:53:06.516Z,1,2,27845
price_1SvKSwFDEp8YEMWaplHy6iL8,prod_Tt3JqVe4WUVJHt,Studio 4 Class Package,,,Mumbai,2026-01-30 16:22,5350.00,inr,,,,,per_unit,,unspecified,,true,,,,,,,,,,,0,,,,,,,,,,,,,,,,,25768,,,,,13752,,,,,,,,,Mumbai,,,,,,,,,,
price_1SvKSpFDEp8YEMWaDWtvBEaP,prod_Tt3JhwGsyxjmbl,Studio Newcomers 2 Week Unlimited Membership,,,Mumbai,2026-01-30 16:22,7500.00,inr,,,,,per_unit,,unspecified,,true,,,,,,,,,,,0,,,,,,,,,,,,,,,,,27848,,,,,13752,,,,,,,,,Mumbai,,,,,,,,,,
price_1SvKSjFDEp8YEMWaVe5i89Zk,prod_Tt3JMeCM8h874R,Studio 2 Week Unlimited,,,Mumbai,2026-01-30 16:22,9916.50,inr,,,,,per_unit,,unspecified,,true,,,,,,,,,,,0,,,,,,,,,,,,,,,,,27849,,,,,13752,,,,,,,,,Mumbai,,,,,,,,,,
price_1SvKScFDEp8YEMWaTsptKacJ,prod_Tt3JfQJuVDuHM3,Studio 1 Month Unlimited Membership,,,Mumbai,2026-01-30 16:22,17750.00,inr,,,,,per_unit,,unspecified,,true,,,,,,,,,,,0,,,,,,,,,,,,,,,,,69064,,,,,13752,,,,,,,,,Mumbai,,,,,,,,,,
price_1SvKSNFDEp8YEMWazJvbd3Kf,prod_Tt3JsYQPpvdvXf,Studio Annual Unlimited Membership,,,Mumbai,2026-01-30 16:22,192500.00,inr,,,,,per_unit,,unspecified,,true,,,,,,,,,,,0,,,,,,,,,,,,,,,,,69067,,,,,13752,,,,,,,,,Mumbai,,,,,,,,,,
price_1SvKSFFDEp8YEMWaBUsVvr8x,prod_Tt3JLAwoTdrEOO,Studio 6 Month Unlimited Membership,,,Mumbai,2026-01-30 16:21,99750.00,inr,,,,,per_unit,,unspecified,,true,,,,,,,,,,,0,,,,,,,,,,,,,,,,,97972,,,,,13752,,,,,,,,,Mumbai,,,,,,,,,,
price_1SvKS6FDEp8YEMWazk7bXHgT,prod_Tt3J51mn2L1dYl,Studio 8 Class Package,,,Mumbai,2026-01-30 16:21,10200.00,inr,,,,,per_unit,,unspecified,,true,,,,,,,,,,,0,,,,,,,,,,,,,,,,,97883,,,,,13752,,,,,,,,,Mumbai,,,,,,,,,,
price_1SvKRzFDEp8YEMWan7MhC3vG,prod_Tt3JldNlC6ii2z,Studio 12 Class Package,,,Mumbai,2026-01-30 16:21,15050.00,inr,,,,,per_unit,,unspecified,,true,,,,,,,,,,,0,,,,,,,,,,,,,,,,,97885,,,,,13752,,,,,,,,,Mumbai,,,,,,,,,,
price_1SvKRsFDEp8YEMWaXrrFKtGu,prod_Tt3JXF47aWcJfy,Hosted Class 2 Week Unlimited Membership,,,Bengaluru,2026-01-30 16:21,7200.00,inr,,,,,per_unit,,unspecified,,true,,,,,,,,,,,0,,,,,,,,,,,,,,,,,111543,,,,,33905,,,,,,,,,Bengaluru,,,,,,,,,,
price_1SvKRmFDEp8YEMWa92u23tdt,prod_Tt3JvChTN6YPPR,test,,,Bengaluru,2026-01-30 16:21,10000.00,inr,,,,,per_unit,,unspecified,,true,,,,,,,,,,,0,,,,,,,,,,,,,,,,,393946,,,,,33905,,,,,,,,,Bengaluru,,,,,,,,,,
price_1SvKRgFDEp8YEMWak7GYaUFH,prod_Tt3JNwE8LK9LRx,Studio 20 Single Class Pack,,,Mumbai,2026-01-30 16:21,30000.00,inr,,,,,per_unit,,unspecified,,true,,,,,,,,,,,0,,,,,,,,,,,,,,,,,98510,,,,,13752,,,,,,,,,Mumbai,,,,,,,,,,
price_1SvKRZFDEp8YEMWa9ftljrC7,prod_Tt3JAdHlXpldQU,Studio 10 Single Class Pack,,,Mumbai,2026-01-30 16:21,15000.00,inr,,,,,per_unit,,unspecified,,true,,,,,,,,,,,0,,,,,,,,,,,,,,,,,98513,,,,,13752,,,,,,,,,Mumbai,,,,,,,,,,
price_1SvKRRFDEp8YEMWaUJy3f8Rc,prod_Tt3Jk9JcdcspQT,Studio 30 Single Class Pack,,,Mumbai,2026-01-30 16:21,45000.00,inr,,,,,per_unit,,unspecified,,true,,,,,,,,,,,0,,,,,,,,,,,,,,,,,98515,,,,,13752,,,,,,,,,Mumbai,,,,,,,,,,
price_1SvKRJFDEp8YEMWazdmjcrcw,prod_Tt3JQS0PC1Tdh0,Studio Private Class,,,Mumbai,2026-01-30 16:20,5000.00,inr,,,,,per_unit,,unspecified,,true,,,,,,,,,,,18,,,,,,,,,,,,,,,,,65342,,,,,13752,,,,,,,,,Mumbai,,,,,,,,,,
price_1SvKRBFDEp8YEMWafvw4T8BS,prod_Tt3JGuiymf3GQp,Studio 30 Private Class Package,,,Bengaluru,2026-01-30 16:20,117750.00,inr,,,,,per_unit,,unspecified,,true,,,,,,,,,,,0,,,,,,,,,,,,,,,,,237643,,,,,33905,,,,,,,,,Bengaluru,,,,,,,,,,
price_1SvKR6FDEp8YEMWarjXWr8Mh,prod_Tt3JKBB3qtOk1z,Studio Newcomer 2 for 1,,,Bengaluru,2026-01-30 16:20,1350.00,inr,,,,,per_unit,,unspecified,,true,,,,,,,,,,,0,,,,,,,,,,,,,,,,,302239,,,,,33905,,,,,,,,,Bengaluru,,,,,,,,,,
price_1SvKR0FDEp8YEMWaCW1zLX0j,prod_Tt3J5r7WapVXus,New Studio 10 Single Class Pack,,,Bengaluru,2026-01-30 16:20,12000.00,inr,,,,,per_unit,,unspecified,,true,,,,,,,,,,,0,,,,,,,,,,,,,,,,,395193,,,,,33905,,,,,,,,,Bengaluru,,,,,,,,,,
price_1SvKQtFDEp8YEMWaSQXCdp6G,prod_Tt3JCBKLO8O0dB,Summer Bootcamp - Studio 6 Week Unlimited,,,Mumbai,2026-01-30 16:20,30000.00,inr,,,,,per_unit,,unspecified,,true,,,,,,,,,,,0,,,,,,,,,,,,,,,,,415299,,,,,13752,,,,,,,,,Mumbai,,,,,,,,,,
price_1SvKQmFDEp8YEMWaxUE3si9k,prod_Tt3Kh0tfqPCOXQ,Kickstarter Pack - 5 classes in 10 days,,,Bengaluru,2026-01-30 16:20,4900.00,inr,,,,,per_unit,,unspecified,,true,,,,,,,,,,,0,,,,,,,,,,,,,,,,,426898,,,,,33905,,,,,,,,,Bengaluru,,,,,,,,,,
price_1SvKQhFDEp8YEMWaHkHErUzY,prod_Tt3KHGTKJCWdqz,Newcomer 8 Class Package,,,Bengaluru,2026-01-30 16:20,8300.00,inr,,,,,per_unit,,unspecified,,true,,,,,,,,,,,0,,,,,,,,,,,,,,,,,426901,,,,,33905,,,,,,,,,Bengaluru,,,,,,,,,,
price_1SvKQbFDEp8YEMWasbQ9mxdb,prod_Tt3KGls7sQDcZA,6 Private Classes & 2 Studio Single Classes,,,Bengaluru,2026-01-30 16:20,25950.00,inr,,,,,per_unit,,unspecified,,true,,,,,,,,,,,0,,,,,,,,,,,,,,,,,498632,,,,,33905,,,,,,,,,Bengaluru,,,,,,,,,,
price_1SvKQWFDEp8YEMWa12LULGGh,prod_Tt3KEg1mC1MJdE,Studio 4 Private Class Package,,,Bengaluru,2026-01-30 16:20,11000.00,inr,,,,,per_unit,,unspecified,,true,,,,,,,,,,,0,,,,,,,,,,,,,,,,,523700,,,,,33905,,,,,,,,,Bengaluru,,,,,,,,,,
price_1SvKQQFDEp8YEMWasA0DpAsS,prod_Tt3KNBYbakTCMp,Copper + Cloves Single Class Package,,,Bengaluru,2026-01-30 16:20,900.00,inr,,,,,per_unit,,unspecified,,true,,,,,,,,,,,0,,,,,,,,,,,,,,,,,548528,,,,,33905,,,,,,,,,Bengaluru,,,,,,,,,,
price_1SvKQLFDEp8YEMWa7c8bdFR5,prod_Tt3KmoGzycjjha,Copper + Cloves Credit,,,Bengaluru,2026-01-30 16:19,450.00,inr,,,,,per_unit,,unspecified,,true,,,,,,,,,,,0,,,,,,,,,,,,,,,,,548529,,,,,33905,,,,,,,,,Bengaluru,,,,,,,,,,
price_1SvKQEFDEp8YEMWa9y7P9brp,prod_Tt3KKF85vfrrIj,Copper + Cloves 10 Class Pack,,,Bengaluru,2026-01-30 16:19,8100.00,inr,,,,,per_unit,,unspecified,,true,,,,,,,,,,,0,,,,,,,,,,,,,,,,,555182,,,,,33905,,,,,,,,,Bengaluru,,,,,,,,,,
price_1SvKQ8FDEp8YEMWa7w0k4HxL,prod_Tt3KPw7WHSSme8,Anniversary Starter Pack,,,Bengaluru,2026-01-30 16:19,12500.00,inr,,,,,per_unit,,unspecified,,true,,,,,,,,,,,0,,,,,,,,,,,,,,,,,563318,,,,,33905,,,,,,,,,Bengaluru,,,,,,,,,,
price_1SvKQ2FDEp8YEMWawz8dB0A6,prod_Tt3KpCQNqizNlf,Festive 5 Package,,,Bengaluru,2026-01-30 16:19,4450.00,inr,,,,,per_unit,,unspecified,,true,,,,,,,,,,,0,,,,,,,,,,,,,,,,,597491,,,,,33905,,,,,,,,,Bengaluru,,,,,,,,,,
price_1SvKPvFDEp8YEMWax6SvNyx6,prod_Tt3KfP0024N5rN,Virtual Private Class,,,Mumbai,2026-01-30 16:19,4500.00,inr,,,,,per_unit,,unspecified,,true,,,,,,,,,,,0,,,,,,,,,,,,,,,,,97977,,,,,13752,,,,,,,,,Mumbai,,,,,,,,,,
price_1SvKPqFDEp8YEMWaSfp93SHD,prod_Tt3K1WBSA0Y7qT,Studio Happy Hour Private,,,Mumbai,2026-01-30 16:19,3000.00,inr,,,,,per_unit,,unspecified,,true,,,,,,,,,,,0,,,,,,,,,,,,,,,,,98500,,,,,13752,,,,,,,,,Mumbai,,,,,,,,,,
price_1SvKPkFDEp8YEMWaoGQ20OXy,prod_Tt3KnOoW6p674Z,Studio 3 Month U/L Monthly Installment,,,Mumbai,2026-01-30 16:19,14500.00,inr,,,,,per_unit,,unspecified,,true,,,,,,,,,,,0,,,,,,,,,,,,,,,,,116641,,,,,13752,,,,,,,,,Mumbai,,,,,,,,,,
price_1SvKPfFDEp8YEMWaozhhSwQM,prod_Tt3KYfIEuEoVsl,Studio Private Class X 10,,,Mumbai,2026-01-30 16:19,50000.00,inr,,,,,per_unit,,unspecified,,true,,,,,,,,,,,0,,,,,,,,,,,,,,,,,121839,,,,,13752,,,,,,,,,Mumbai,,,,,,,,,,
price_1SvKPZFDEp8YEMWaNp7xqQ4e,prod_Tt3KC5p30NLCqk,Studio Annual Membership - Monthly Intsallment,,,Mumbai,2026-01-30 16:19,13750.00,inr,,,,,per_unit,,unspecified,,true,,,,,,,,,,,0,,,,,,,,,,,,,,,,,144454,,,,,13752,,,,,,,,,Mumbai,,,,,,,,,,
price_1SvKPTFDEp8YEMWasCdBY0Tw,prod_Tt3KCs2yOuLbpF,Virtual Private Class X 10,,,Mumbai,2026-01-30 16:19,45000.00,inr,,,,,per_unit,,unspecified,,true,,,,,,,,,,,0,,,,,,,,,,,,,,,,,149879,,,,,13752,,,,,,,,,Mumbai,,,,,,,,,,
price_1SvKPNFDEp8YEMWa1Q5atqLM,prod_Tt3Kv1Nzv5jGxs,Newcomers 2 For 1,,,Mumbai,2026-01-30 16:18,1750.00,inr,,,,,per_unit,,unspecified,,true,,,,,,,,,,,0,,,,,,,,,,,,,,,,,240932,,,,,13752,,,,,,,,,Mumbai,,,,,,,,,,
price_1SvKPIFDEp8YEMWa4vBwk2jX,prod_Tt3Kn3CmXnlJx4,Studio Extended 10 Single Class Pack,,,Mumbai,2026-01-30 16:18,15000.00,inr,,,,,per_unit,,unspecified,,true,,,,,,,,,,,0,,,,,,,,,,,,,,,,,395212,,,,,13752,,,,,,,,,Mumbai,,,,,,,,,,
price_1SvKPCFDEp8YEMWaIgxTG7yQ,prod_Tt3Kfy5Vy5I0Fl,Studio Private - Anisha (Single Class),,,Mumbai,2026-01-30 16:18,5950.00,inr,,,,,per_unit,,unspecified,,true,,,,,,,,,,,0,,,,,,,,,,,,,,,,,423238,,,,,13752,,,,,,,,,Mumbai,,,,,,,,,,
price_1SvKP7FDEp8YEMWashnmNBvw,prod_Tt3KrYqdmdaEOS,Studio Privates - Anisha x 10,,,Mumbai,2026-01-30 16:18,59500.00,inr,,,,,per_unit,,unspecified,,true,,,,,,,,,,,0,,,,,,,,,,,,,,,,,423239,,,,,13752,,,,,,,,,Mumbai,,,,,,,,,,
price_1SvKP2FDEp8YEMWaD3FaRF6V,prod_Tt3KQwdHDUz0Bh,Virtual Private - Anisha,,,Mumbai,2026-01-30 16:18,5400.00,inr,,,,,per_unit,,unspecified,,true,,,,,,,,,,,0,,,,,,,,,,,,,,,,,467480,,,,,13752,,,,,,,,,Mumbai,,,,,,,,,,
price_1SvKOwFDEp8YEMWazSaWzGEk,prod_Tt3KfGQH4ubQPL,Virtual Privates - Anisha x 10,,,Mumbai,2026-01-30 16:18,54000.00,inr,,,,,per_unit,,unspecified,,true,,,,,,,,,,,0,,,,,,,,,,,,,,,,,467481,,,,,13752,,,,,,,,,Mumbai,,,,,,,,,,
price_1SvKOpFDEp8YEMWaSCe2nojJ,prod_Tt3K8Kyt3XHSYB,Barre 1 month Unlimited,,,Mumbai,2026-01-30 16:18,15250.00,inr,,,,,per_unit,,unspecified,,true,,,,,,,,,,,0,,,,,,,,,,,,,,,,,495695,,,,,13752,,,,,,,,,Mumbai,,,,,,,,,,
price_1SvKOjFDEp8YEMWao8rmt7wJ,prod_Tt3KFqY1n72rna,powerCycle 1 month Unlimited,,,Mumbai,2026-01-30 16:18,15250.00,inr,,,,,per_unit,,unspecified,,true,,,,,,,,,,,0,,,,,,,,,,,,,,,,,495696,,,,,13752,,,,,,,,,Mumbai,,,,,,,,,,
price_1SvKOdFDEp8YEMWat7K8KYV0,prod_Tt3Ko15RkIvT5q,Strength Lab 1 month Unlimited,,,Mumbai,2026-01-30 16:18,15250.00,inr,,,,,per_unit,,unspecified,,true,,,,,,,,,,,0,,,,,,,,,,,,,,,,,495697,,,,,13752,,,,,,,,,Mumbai,,,,,,,,,,
price_1SvKOYFDEp8YEMWazGwXeRdp,prod_Tt3KCm4RWR6jIC,Barre 3 months Unlimited,,,Mumbai,2026-01-30 16:18,43500.00,inr,,,,,per_unit,,unspecified,,true,,,,,,,,,,,0,,,,,,,,,,,,,,,,,495700,,,,,13752,,,,,,,,,Mumbai,,,,,,,,,,
price_1SvKOSFDEp8YEMWaE3hkTSba,prod_Tt3KLkK93Rmar0,powerCycle 3 months Unlimited,,,Mumbai,2026-01-30 16:18,43500.00,inr,,,,,per_unit,,unspecified,,true,,,,,,,,,,,0,,,,,,,,,,,,,,,,,495701,,,,,13752,,,,,,,,,Mumbai,,,,,,,,,,
price_1SvKOOFDEp8YEMWa1vR8CcHY,prod_Tt3K6ezYX8gxT9,Strength Lab 3 months Unlimited,,,Mumbai,2026-01-30 16:17,15250.00,inr,,,,,per_unit,,unspecified,,true,,,,,,,,,,,0,,,,,,,,,,,,,,,,,495702,,,,,13752,,,,,,,,,Mumbai,,,,,,,,,,
price_1SvKOIFDEp8YEMWappX7n129,prod_Tt3KWRWcEhm77d,Barre 6 month Unlimited,,,Mumbai,2026-01-30 16:17,85500.00,inr,,,,,per_unit,,unspecified,,true,,,,,,,,,,,0,,,,,,,,,,,,,,,,,495703,,,,,13752,,,,,,,,,Mumbai,,,,,,,,,,
price_1SvKOCFDEp8YEMWaK2FJAbm3,prod_Tt3KrCJ998jdY3,powerCycle 6 months Unlimited,,,Mumbai,2026-01-30 16:17,85500.00,inr,,,,,per_unit,,unspecified,,true,,,,,,,,,,,0,,,,,,,,,,,,,,,,,495704,,,,,13752,,,,,,,,,Mumbai,,,,,,,,,,
price_1SvKO6FDEp8YEMWaGJ2WzhuF,prod_Tt3K8wU6YKrYaZ,Strength Lab 6 months Unlimited,,,Mumbai,2026-01-30 16:17,85500.00,inr,,,,,per_unit,,unspecified,,true,,,,,,,,,,,0,,,,,,,,,,,,,,,,,495705,,,,,13752,,,,,,,,,Mumbai,,,,,,,,,,
price_1SvKO1FDEp8YEMWaoiTGP02x,prod_Tt3KhXYg07l90n,Barre Annual Membership,,,Mumbai,2026-01-30 16:17,165000.00,inr,,,,,per_unit,,unspecified,,true,,,,,,,,,,,0,,,,,,,,,,,,,,,,,495706,,,,,13752,,,,,,,,,Mumbai,,,,,,,,,,
price_1SvKNwFDEp8YEMWaO6cyyUwN,prod_Tt3KBzb9hHYhdP,powerCycle Annual Membership,,,Mumbai,2026-01-30 16:17,165000.00,inr,,,,,per_unit,,unspecified,,true,,,,,,,,,,,0,,,,,,,,,,,,,,,,,495707,,,,,13752,,,,,,,,,Mumbai,,,,,,,,,,
price_1SvKNrFDEp8YEMWalcRbEz8P,prod_Tt3KcyowYq2X4d,Strength Lab Annual Membership,,,Mumbai,2026-01-30 16:17,165000.00,inr,,,,,per_unit,,unspecified,,true,,,,,,,,,,,0,,,,,,,,,,,,,,,,,495708,,,,,13752,,,,,,,,,Mumbai,,,,,,,,,,
price_1SvKNmFDEp8YEMWaZZ26qR3P,prod_Tt3KBk3Ii1WzQJ,Barre 2 week Unlimited,,,Mumbai,2026-01-30 16:17,8500.00,inr,,,,,per_unit,,unspecified,,true,,,,,,,,,,,0,,,,,,,,,,,,,,,,,495714,,,,,13752,,,,,,,,,Mumbai,,,,,,,,,,
price_1SvKNhFDEp8YEMWads2SnoiF,prod_Tt3KTVppjmmlAq,powerCycle 2 week Unlimited,,,Mumbai,2026-01-30 16:17,8500.00,inr,,,,,per_unit,,unspecified,,true,,,,,,,,,,,0,,,,,,,,,,,,,,,,,495715,,,,,13752,,,,,,,,,Mumbai,,,,,,,,,,
price_1SvKNcFDEp8YEMWa02QATgUw,prod_Tt3KnBErzpb1M9,Strength Lab 2 week Unlimited,,,Mumbai,2026-01-30 16:17,8500.00,inr,,,,,per_unit,,unspecified,,true,,,,,,,,,,,0,,,,,,,,,,,,,,,,,495716,,,,,13752,,,,,,,,,Mumbai,,,,,,,,,,
price_1SvKNWFDEp8YEMWaCwP3ukqY,prod_Tt3Kav2XeTxZKc,Owner's Special - 2 for 1,,,Mumbai,2026-01-30 16:17,1500.00,inr,,,,,per_unit,,unspecified,,true,,,,,,,,,,,0,,,,,,,,,,,,,,,,,500399,,,,,13752,,,,,,,,,Mumbai,,,,,,,,,,
price_1SvKNQFDEp8YEMWaQdsJvj5P,prod_Tt3KrFGucUUSNb,1 Freeze Attempt,,,Mumbai,2026-01-30 16:16,1000.00,inr,,,,,per_unit,,unspecified,,true,,,,,,,,,,,0,,,,,,,,,,,,,,,,,602418,,,,,13752,,,,,,,,,Mumbai,,,,,,,,,,
price_1SvKNJFDEp8YEMWaHXC7IWhT,prod_Tt3KWljmgCIz0f,Studio 57 Class Package,,,Mumbai,2026-01-30 16:16,99750.00,inr,,,,,per_unit,,unspecified,,true,,,,,,,,,,,0,,,,,,,,,,,,,,,,,634608,,,,,13752,,,,,,,,,Mumbai,,,,,,,,,,
price_1SvKIUFDEp8YEMWaCqET1gqi,prod_Tt3I2G89eXmXxU,Studio Single Class,,,Mumbai,2026-01-30 16:11,1838.00,inr,,,,,per_unit,,unspecified,,true,price_1SvK4fFDEp8YEMWa0jeEe2Mn,,,,,,,,,Kwality House & Supreme HQ,5%,days,Mumbai,7,1,0,7,1838,false,36758,Mumbai,true,1,fixed-price,0,false,false,27845,true,absolute,1750,days,13752,package-events,2026-01-01T05:41:39.623Z,false,0,1750,7,false,,Mumbai,false,false,false,7,,7 days,2022-06-23T06:53:06.516Z,1,2,27845
price_1SvKIQFDEp8YEMWa335dTQh2,prod_Tt3ICeq1Ti8pCo,Studio 4 Class Package,,,Mumbai,2026-01-30 16:11,5618.00,inr,,,,,per_unit,,unspecified,,true,price_1SvK4bFDEp8YEMWaVJ6aLv5s,,,,,,,,,Kwality House & Supreme HQ,5%,days,Mumbai,14,4,0,14,5618,false,36758,Mumbai,true,4,fixed-price,0,false,false,25768,true,absolute,5350,days,13752,package-events,2025-09-22T03:40:24.249Z,false,0,5350,14,false,,Mumbai,false,false,false,7,,14 days,2022-05-20T09:06:15.456Z,4,4,25768
price_1SvKILFDEp8YEMWa5Sm6sJOj,prod_Tt3I89qc1og2Kv,Studio Newcomers 2 Week Unlimited Membership,,,Mumbai,2026-01-30 16:11,7875.00,inr,,,,,per_unit,,unspecified,,true,price_1SvK4WFDEp8YEMWaCCnDDSxK,,,,,,,,,Kwality House & Supreme HQ,5%,days,Mumbai,14,999,0,14,7875,false,36758,Mumbai,true,999,fixed-price,0,false,false,27848,false,absolute,7500,days,13752,package-events,2025-09-22T04:07:49.383Z,false,0,7500,14,false,,Mumbai,false,false,true,7,,14 days,2022-06-23T06:56:44.676Z,999,13,27848
price_1SvKIHFDEp8YEMWaq9HHLNAp,prod_Tt3I2omt2u1GOD,Studio 2 Week Unlimited,,,Mumbai,2026-01-30 16:11,10412.00,inr,,,,,per_unit,,unspecified,,true,price_1SvK4SFDEp8YEMWa2FUr49JJ,,,,,,,,,Kwality House & Supreme HQ,5%,days,Mumbai,14,999,0,14,10412,false,36758,Mumbai,true,999,fixed-price,0,false,false,27849,true,absolute,9916.5,days,13752,package-events,2025-09-22T03:40:35.777Z,false,0,9916.5,14,false,,Mumbai,false,false,false,7,,14 days,2022-06-23T06:59:43.312Z,999,14,27849
price_1SvKICFDEp8YEMWagcF4FSzm,prod_Tt3IeLJsL4TZ5X,Studio 1 Month Unlimited Membership,,,Mumbai,2026-01-30 16:11,18638.00,inr,,,,,per_unit,,unspecified,,true,price_1SvK4NFDEp8YEMWaEIRgzz80,,,,,0,false,false,0,Kwality House & Supreme HQ,5%,days,Mumbai,30,999,1,30,18638,false,36758,Mumbai,true,,fixed-price,0,false,false,69064,true,absolute,17750,months,13752,subscription,2025-09-21T18:33:34.068Z,false,0,17750,1,false,,Mumbai,false,false,false,7,,1 months,2023-04-26T08:01:15.680Z,,27,69064
price_1SvKI9FDEp8YEMWafvV1LU75,prod_Tt3IMv6O0ygHj4,Studio 3 Month Unlimited Membership,,,Bengaluru,2026-01-30 16:11,42210.00,inr,,,,,per_unit,,unspecified,,true,price_1SvHCJFDEp8YEMWadtw0QBaR,,,,,0,false,false,0,Kenkere House,5%,days,Bengaluru,90,999,3,90,42210,false,3457,Bengaluru,true,,fixed-price,0,false,false,111534,true,absolute,40200,months,33905,subscription,2025-10-02T04:26:08.819Z,false,0,40200,3,false,,Bengaluru,false,false,false,7,,3 months,2023-09-15T09:49:06.605Z,,8,111534
price_1SvKI8FDEp8YEMWamBUqUt39,prod_Tt3IMv6O0ygHj4,Studio 3 Month Unlimited Membership,,,Mumbai,2026-01-30 16:11,53288.00,inr,,,,,per_unit,,unspecified,,true,price_1SvK4HFDEp8YEMWaNoppbTQx,,,,0,0,false,false,0,Kwality House & Supreme HQ,5%,days,Mumbai,90,0,3,90,53288,false,36758,Mumbai,true,,fixed-price,0,false,false,69065,true,absolute,50750,months,13752,subscription,2025-12-19T09:58:49.280Z,false,0,50750,3,false,,Mumbai,false,false,false,7,,3 months,2023-04-26T08:04:49.906Z,0,28,69065
price_1SvKI4FDEp8YEMWaID7clsm1,prod_Tt3ISwXAbKJGCI,Studio Annual Unlimited Membership,,,Mumbai,2026-01-30 16:11,202125.00,inr,,,,,per_unit,,unspecified,,true,price_1SvK4CFDEp8YEMWaSufFk2Y0,,,1000,0,0,false,false,0,Kwality House & Supreme HQ,5%,days,Mumbai,365,999,12,365,202125,false,36758,Mumbai,true,,fixed-price,0,false,false,69067,true,absolute,192500,months,13752,subscription,2025-11-03T09:06:28.394Z,false,0,192500,12,false,,Mumbai,false,false,false,7,,12 months,2023-04-26T08:10:12.591Z,1000,31,69067
price_1SvKI0FDEp8YEMWaMDa1NMdp,prod_Tt3IABEksuVkqO,Studio 6 Month Unlimited Membership,,,Mumbai,2026-01-30 16:11,104738.00,inr,,,,,per_unit,,unspecified,,true,price_1SvK48FDEp8YEMWac1ZwQv2V,,,,,0,false,false,0,Kwality House & Supreme HQ,5%,days,Mumbai,180,999,6,180,104738,false,1808,Mumbai,true,,fixed-price,0,false,false,97972,true,absolute,99750,months,13752,subscription,2025-09-21T18:34:08.593Z,false,0,99750,6,false,,Mumbai,false,false,false,7,,6 months,2023-07-25T08:30:26.380Z,,29,97972
price_1SvKHwFDEp8YEMWafJ9WrB9B,prod_Tt3IilkpwIiO01,Studio 8 Class Package,,,Bengaluru,2026-01-30 16:11,8715.00,inr,,,,,per_unit,,unspecified,,true,price_1SvK1JFDEp8YEMWaP9UVVREh,,,8,0,0,false,false,0,Kenkere House,5%,days,Bengaluru,30,8,1,30,8715,false,3457,Bengaluru,true,,fixed-price,0,false,false,111537,true,absolute,8300,months,33905,subscription,2025-10-02T04:26:12.047Z,false,0,8300,1,false,,Bengaluru,false,false,false,7,,1 months,2023-09-15T09:52:40.466Z,8,11,111537
price_1SvKHtFDEp8YEMWaEOF6AxYm,prod_Tt3I2z16Rohjfs,Studio 12 Class Package,,,Mumbai,2026-01-30 16:11,15803.00,inr,,,,,per_unit,,unspecified,,true,price_1SvK1HFDEp8YEMWae9itOdTl,,,12,0,0,false,false,0,Kwality House & Supreme HQ,5%,days,Mumbai,45,12,2,45,15803,false,36758,Mumbai,true,,fixed-price,0,false,false,97885,true,absolute,15050,days,13752,subscription,2025-09-21T18:33:24.925Z,false,0,15050,45,false,,Mumbai,false,false,false,7,,45 days,2023-07-24T11:02:20.609Z,12,12,97885
price_1SvKHqFDEp8YEMWad4eOPyVC,prod_Tt3I7mx3d9gbXS,Hosted Class 2 Week Unlimited Membership,,,Bengaluru,2026-01-30 16:11,7560.00,inr,,,,,per_unit,,unspecified,,true,price_1SvK1DFDEp8YEMWaDXV0M2VZ,,,,,,,,,Kenkere House,5%,days,Bengaluru,14,999,0,14,7560,false,2644,Bengaluru,true,999,fixed-price,0,false,false,111543,false,absolute,7200,days,33905,package-events,2024-12-31T22:16:30.173Z,false,0,7200,14,false,,Bengaluru,false,false,false,7,,14 days,2023-09-15T10:59:05.789Z,999,13,111543
price_1SvKHnFDEp8YEMWa74VEOKxK,prod_Tt3JccgsayqlRT,test,,,Bengaluru,2026-01-30 16:11,10500.00,inr,,,,,per_unit,,unspecified,,true,price_1SvK1AFDEp8YEMWaMXTXZFyk,,,0,0,0,false,false,0,Kenkere House,5%,days,Bengaluru,60,0,2,60,10500,false,2644,Bengaluru,false,,fixed-price,0,false,false,393946,false,absolute,10000,days,33905,subscription,2025-03-13T08:50:41.390Z,false,0,10000,60,false,,Bengaluru,false,false,false,7,,60 days,2025-03-13T08:50:41.390Z,0,,393946
price_1SvKHiFDEp8YEMWa5c7DWMOj,prod_Tt3JdcCMdgLlpD,Studio 20 Single Class Pack,,,Mumbai,2026-01-30 16:11,31500.00,inr,,,,,per_unit,,unspecified,,true,price_1SvK18FDEp8YEMWau0rJSD5U,,,20,0,0,false,false,0,Kwality House & Supreme HQ,5%,days,Mumbai,105,20,4,105,31500,false,36758,Mumbai,true,,fixed-price,0,false,false,98510,false,absolute,30000,days,13752,subscription,2025-09-21T18:34:41.365Z,false,0,30000,105,false,,Mumbai,false,false,false,7,,105 days,2023-07-28T09:08:04.215Z,20,46,98510
price_1SvKHeFDEp8YEMWaPdNl955E,prod_Tt3JmJH7VcYaq7,Studio 10 Single Class Pack,,,Mumbai,2026-01-30 16:10,15750.00,inr,,,,,per_unit,,unspecified,,true,price_1SvK13FDEp8YEMWaWKAycodt,,,10,0,0,false,false,0,Kwality House & Supreme HQ,5%,days,Mumbai,70,10,2,70,15750,false,36758,Mumbai,true,,fixed-price,0,false,false,98513,false,absolute,15000,days,13752,subscription,2025-09-21T18:34:53.525Z,false,0,15000,70,false,,Mumbai,false,false,false,7,,70 days,2023-07-28T09:09:01.549Z,10,47,98513
price_1SvKHZFDEp8YEMWaNBa1iLG9,prod_Tt3JrbLmQO8D4z,Studio 30 Single Class Pack,,,Mumbai,2026-01-30 16:10,47250.00,inr,,,,,per_unit,,unspecified,,true,price_1SvK0zFDEp8YEMWaB9SYtwC2,,,30,0,0,false,false,0,Kwality House & Supreme HQ,5%,days,Mumbai,140,30,5,140,47250,false,36758,Mumbai,true,,fixed-price,0,false,false,98515,false,absolute,45000,days,13752,subscription,2025-09-21T18:35:02.875Z,false,0,45000,140,false,,Mumbai,false,false,false,7,,140 days,2023-07-28T09:09:58.318Z,30,48,98515
price_1SvKHVFDEp8YEMWaVDcb1vLT,prod_Tt3JpthUyQU8uF,Studio Private Class,,,Mumbai,2026-01-30 16:10,5250.00,inr,,,,,per_unit,,unspecified,,true,price_1SvK0uFDEp8YEMWaS6PAykSm,900,5900,,,,,,,Kwality House & Supreme HQ,5%,days,Mumbai,7,1,0,7,5250,false,36758,Mumbai,true,1,fixed-price,0,false,false,65342,false,absolute,5000,days,13752,package-events,2025-09-22T03:41:18.366Z,false,0,5000,7,false,,Mumbai,false,false,false,7,,7 days,2023-04-06T10:21:56.310Z,1,25,65342
price_1SvKHSFDEp8YEMWahzQgwhYd,prod_Tt3JUNA5o3mptL,Studio 30 Private Class Package,,,Bengaluru,2026-01-30 16:10,123638.00,inr,,,,,per_unit,,unspecified,,true,price_1SvK0pFDEp8YEMWao1FRAGwU,,,,30,0,false,false,0,Kenkere House,5%,days,Bengaluru,210,30,7,210,123638,false,3457,Bengaluru,true,,fixed-price,0,false,false,237643,false,absolute,117750,days,33905,subscription,2025-09-22T07:27:17.982Z,false,0,117750,210,false,,Bengaluru,false,false,false,7,,210 days,2024-07-17T13:44:14.875Z,30,,237643
price_1SvKHQFDEp8YEMWaCIF5fxfJ,prod_Tt3JEgLlZbT6Tu,Studio Newcomer 2 for 1,,,Bengaluru,2026-01-30 16:10,1418.00,inr,,,,,per_unit,,unspecified,,true,price_1SvK0nFDEp8YEMWaj7rhUsyf,,,,,,,,,Kenkere House,5%,days,Bengaluru,7,2,0,7,1418,false,3457,Bengaluru,true,2,fixed-price,0,false,false,302239,false,absolute,1350,days,33905,package-events,2026-01-01T05:41:02.244Z,false,0,1350,7,false,,Bengaluru,false,false,true,7,,7 days,2024-11-09T06:22:44.800Z,2,,302239
price_1SvKHNFDEp8YEMWan56yuM8Z,prod_Tt3JjGvpE894bc,New Studio 10 Single Class Pack,,,Bengaluru,2026-01-30 16:10,12600.00,inr,,,,,per_unit,,unspecified,,true,price_1SvK0kFDEp8YEMWaIX3eCg93,,,10,,0,false,false,0,Kenkere House,5%,days,Bengaluru,90,10,3,90,12600,false,3457,Bengaluru,true,,fixed-price,0,false,false,395193,true,absolute,12000,days,33905,subscription,2025-10-02T04:26:28.228Z,false,0,12000,90,false,,Bengaluru,false,false,false,7,,90 days,2025-03-18T10:17:48.010Z,10,,395193
price_1SvKHJFDEp8YEMWaL0XAyyu6,prod_Tt3JFwqnI9zFkN,Summer Bootcamp - Studio 6 Week Unlimited,,,Mumbai,2026-01-30 16:10,31500.00,inr,,,,,per_unit,,unspecified,,true,price_1SvK0hFDEp8YEMWa3gl43ifO,,,,,0,false,false,0,Kwality House & Supreme HQ,5%,days,Mumbai,42,999,1,42,31500,false,36758,Mumbai,true,,fixed-price,0,false,false,415299,false,absolute,30000,days,13752,subscription,2025-09-21T18:35:30.409Z,false,0,30000,42,false,,Mumbai,false,false,true,7,,42 days,2025-04-25T08:13:47.106Z,,,415299
price_1SvKHGFDEp8YEMWa91xk6V8N,prod_Tt3JPWkGAEgYHP,Kickstarter Pack - 5 classes in 10 days,,,Bengaluru,2026-01-30 16:10,5145.00,inr,,,,,per_unit,,unspecified,,true,price_1SvK0cFDEp8YEMWaUvFc0oa2,,,,,,,,,Kenkere House,5%,days,Bengaluru,10,5,0,10,5145,false,3457,Bengaluru,true,5,fixed-price,0,false,false,426898,false,absolute,4900,days,33905,package-events,2025-09-22T08:00:14.224Z,false,0,4900,10,false,,Bengaluru,false,false,true,7,,10 days,2025-05-12T09:54:31.051Z,5,,426898
price_1SvKHEFDEp8YEMWaytd06pNL,prod_Tt3JdxTK3U3Xaf,Newcomer 8 Class Package,,,Bengaluru,2026-01-30 16:10,8715.00,inr,,,,,per_unit,,unspecified,,true,price_1SvK0aFDEp8YEMWa9TS6QoCU,,,,,0,false,false,0,Kenkere House,5%,days,Bengaluru,60,8,2,60,8715,false,3457,Bengaluru,true,,fixed-price,0,false,false,426901,false,absolute,8300,days,33905,subscription,2025-09-22T07:28:09.125Z,false,0,8300,60,false,,Bengaluru,false,false,true,7,,60 days,2025-05-12T09:58:43.089Z,,,426901
price_1SvKHBFDEp8YEMWawbCgXoSu,prod_Tt3JbSKzoYcId6,6 Private Classes & 2 Studio Single Classes,,,Bengaluru,2026-01-30 16:10,27248.00,inr,,,,,per_unit,,unspecified,,true,price_1SvK0YFDEp8YEMWasLHEHNG2,,,2,6,0,false,false,0,Kenkere House,5%,days,Bengaluru,30,8,1,30,27248,false,3457,Bengaluru,true,,fixed-price,0,false,false,498632,false,absolute,25950,days,33905,subscription,2025-09-22T07:28:25.597Z,false,0,25950,30,false,,Bengaluru,false,false,false,7,,30 days,2025-08-21T09:03:07.413Z,2,,498632
price_1SvKH9FDEp8YEMWa53olhd9l,prod_Tt3JN8dpuSW9BY,Studio 4 Private Class Package,,,Bengaluru,2026-01-30 16:10,11550.00,inr,,,,,per_unit,,unspecified,,true,price_1SvK0VFDEp8YEMWaVR6bSi77,,,,4,0,false,false,0,Kenkere House,5%,days,Bengaluru,30,4,1,30,11550,false,3457,Bengaluru,true,,fixed-price,0,false,false,523700,false,absolute,11000,days,33905,subscription,2025-09-22T07:28:55.933Z,false,0,11000,30,false,,Bengaluru,false,false,false,7,,30 days,2025-09-08T06:31:44.026Z,4,,523700
price_1SvKH6FDEp8YEMWaBMiz3hDw,prod_Tt3J5xOMWv4O2a,Copper + Cloves Single Class Package,,,Bengaluru,2026-01-30 16:10,945.00,inr,,,,,per_unit,,unspecified,,true,price_1SvK0SFDEp8YEMWaksGKHGx3,,,,,,,,,Kenkere House,5%,days,Bengaluru,7,1,0,7,945,false,3457,Bengaluru,true,1,fixed-price,0,false,false,548528,true,absolute,900,days,33905,package-events,2025-12-15T09:51:07.149Z,false,0,900,7,false,,Bengaluru,false,false,false,7,,7 days,2025-10-01T12:58:38.264Z,1,,548528
price_1SvKH4FDEp8YEMWagtCVxvbE,prod_Tt3JXxzR54Gkb9,Copper + Cloves Credit,,,Bengaluru,2026-01-30 16:10,473.00,inr,,,,,per_unit,,unspecified,,true,price_1SvK0QFDEp8YEMWa0oFUBuiP,,,,,,,,,Kenkere House,5%,days,Bengaluru,7,1,0,7,473,false,3457,Bengaluru,true,1,fixed-price,0,false,false,548529,false,absolute,450,days,33905,package-events,2025-10-01T13:01:21.405Z,false,0,450,7,false,,Bengaluru,false,false,false,7,,7 days,2025-10-01T13:01:21.405Z,1,,548529
price_1SvKH1FDEp8YEMWaqQSz23bX,prod_Tt3JFDqxBspvNj,Copper + Cloves 10 Class Pack,,,Bengaluru,2026-01-30 16:10,8505.00,inr,,,,,per_unit,,unspecified,,true,price_1SvK0NFDEp8YEMWas3pm1t2W,,,10,,0,false,false,0,Kenkere House,5%,days,Bengaluru,90,10,3,90,8505,false,3457,Bengaluru,true,,fixed-price,0,false,false,555182,true,absolute,8100,days,33905,subscription,2025-10-27T06:43:32.127Z,false,0,8100,90,false,,Bengaluru,false,false,false,7,,90 days,2025-10-14T08:59:57.939Z,10,,555182
price_1SvKGyFDEp8YEMWa9BH4OBc9,prod_Tt3JjaERmrCw0y,Anniversary Starter Pack,,,Bengaluru,2026-01-30 16:10,13125.00,inr,,,,,per_unit,,unspecified,,true,price_1SvK0KFDEp8YEMWacVwoOjs4,,,12,0,0,false,false,0,Kenkere House,5%,days,Bengaluru,45,0,2,45,13125,false,3457,Bengaluru,false,,fixed-price,0,false,false,563318,false,absolute,12500,days,33905,subscription,2025-10-29T08:29:00.065Z,false,0,12500,45,false,,Bengaluru,false,false,true,7,,45 days,2025-10-29T08:27:02.739Z,12,,563318
price_1SvKGwFDEp8YEMWajbVtZ8T9,prod_Tt3JM2mcfdJasG,Festive 5 Package,,,Bengaluru,2026-01-30 16:10,4673.00,inr,,,,,per_unit,,unspecified,,true,price_1SvK0IFDEp8YEMWaWcyOWnws,,,,,,,,,Kenkere House,5%,days,Bengaluru,14,5,0,14,4673,false,3457,Bengaluru,true,5,fixed-price,0,false,false,597491,false,absolute,4450,days,33905,package-events,2025-12-13T06:29:23.972Z,false,0,4450,14,false,,Bengaluru,false,false,true,7,,14 days,2025-12-13T06:29:23.972Z,5,,597491
price_1SvKGtFDEp8YEMWaN5LhRzo4,prod_Tt3JhfPaeRkyjy,Virtual Private Class,,,Mumbai,2026-01-30 16:10,4725.00,inr,,,,,per_unit,,unspecified,,true,price_1SvK0FFDEp8YEMWajI4wFtF6,,,,,,,,,Kwality House & Supreme HQ,5%,days,Mumbai,7,1,0,7,4725,false,36758,Mumbai,false,1,fixed-price,0,false,false,97977,false,absolute,4500,days,13752,package-events,2025-09-22T03:41:35.281Z,false,0,4500,,false,,Mumbai,false,false,false,7,,,2023-07-25T10:50:44.551Z,1,39,97977
price_1SvKGqFDEp8YEMWa0PyZQnJg,prod_Tt3JzdoOhuobqb,Studio Happy Hour Private,,,Mumbai,2026-01-30 16:10,3150.00,inr,,,,,per_unit,,unspecified,,true,price_1SvK0DFDEp8YEMWab1ksn1Jn,,,,,,,,,Kwality House & Supreme HQ,5%,days,Mumbai,7,1,0,7,3150,false,36758,Mumbai,false,1,fixed-price,0,false,false,98500,false,absolute,3000,days,13752,package-events,2025-09-22T03:44:56.859Z,false,0,3000,,false,,Mumbai,false,false,false,7,,,2023-07-28T07:38:42.914Z,1,44,98500
price_1SvKGoFDEp8YEMWaAlm9guDh,prod_Tt3JzafOz9ANpC,Studio 3 Month U/L Monthly Installment,,,Mumbai,2026-01-30 16:10,15225.00,inr,,,,,per_unit,,unspecified,,true,price_1SvK0BFDEp8YEMWaPdZOPhoK,,,,0,0,false,false,0,Kwality House & Supreme HQ,5%,days,Mumbai,30,999,1,30,15225,false,36758,Mumbai,true,,fixed-price,0,false,false,116641,false,absolute,14500,days,13752,subscription,2025-09-21T18:34:29.852Z,false,0,14500,30,false,,Mumbai,false,false,false,7,,30 days,2023-10-04T09:10:24.768Z,0,45,116641
price_1SvKGlFDEp8YEMWaOD4UDZJy,prod_Tt3JTSV0OLJobI,Studio Private Class X 10,,,Mumbai,2026-01-30 16:10,52500.00,inr,,,,,per_unit,,unspecified,,true,price_1SvK08FDEp8YEMWaLifPEt3s,,,,,,,,,Kwality House & Supreme HQ,5%,days,Mumbai,70,10,2,70,52500,false,36758,Mumbai,true,10,fixed-price,0,false,false,121839,false,absolute,50000,days,13752,package-events,2025-09-22T03:45:08.600Z,false,0,50000,70,false,,Mumbai,false,false,false,7,,70 days,2023-10-24T13:04:14.298Z,10,56,121839
price_1SvKGiFDEp8YEMWaDDgZbZAb,prod_Tt3JJFFC7F6A5P,Studio Annual Membership - Monthly Intsallment,,,Mumbai,2026-01-30 16:10,14438.00,inr,,,,,per_unit,,unspecified,,true,price_1SvK06FDEp8YEMWaEwoy2lGT,,,,,0,false,false,0,Kwality House & Supreme HQ,5%,days,Mumbai,30,999,1,30,14438,false,36758,Mumbai,false,,fixed-price,0,false,false,144454,false,absolute,13750,days,13752,subscription,2025-09-21T18:35:11.373Z,false,0,13750,30,false,,Mumbai,false,false,false,7,,30 days,2023-12-27T11:06:24.867Z,,60,144454
price_1SvKGfFDEp8YEMWaPZphm1bj,prod_Tt3JcZVJ5AJOrW,Virtual Private Class X 10,,,Mumbai,2026-01-30 16:09,47250.00,inr,,,,,per_unit,,unspecified,,true,price_1SvK03FDEp8YEMWaufFqWKwf,,,,,,,,,Kwality House & Supreme HQ,5%,days,Mumbai,70,10,2,70,47250,false,36758,Mumbai,true,10,fixed-price,0,false,false,149879,false,absolute,45000,days,13752,package-events,2025-09-22T03:45:24.791Z,false,0,45000,70,false,,Mumbai,false,false,false,7,,70 days,2024-01-12T11:42:05.191Z,10,61,149879
price_1SvKGdFDEp8YEMWar24ygw86,prod_Tt3JIjeFl71X2R,Newcomers 2 For 1,,,Mumbai,2026-01-30 16:09,1838.00,inr,,,,,per_unit,,unspecified,,true,price_1SvK01FDEp8YEMWaFgtlJ9oz,,,,,,,,,Kwality House & Supreme HQ,5%,days,Mumbai,14,2,0,14,1838,true,36758,Mumbai,true,2,fixed-price,0,false,false,240932,false,absolute,1750,days,13752,package-events,2026-01-01T05:41:57.466Z,false,0,1750,14,false,,Mumbai,false,false,true,7,,14 days,2024-07-30T10:44:56.739Z,2,,240932
price_1SvKGaFDEp8YEMWaiQ6EBJ2U,prod_Tt3JeE2rD8YfBr,Studio Extended 10 Single Class Pack,,,Mumbai,2026-01-30 16:09,15750.00,inr,,,,,per_unit,,unspecified,,true,price_1SvJzzFDEp8YEMWaLsYmlOMC,,,10,0,0,false,false,0,Kwality House & Supreme HQ,5%,days,Mumbai,90,10,3,90,15750,false,36758,Mumbai,true,,fixed-price,0,false,false,395212,false,absolute,15000,days,13752,subscription,2025-09-21T18:35:20.113Z,false,0,15000,90,false,,Mumbai,false,false,false,7,,90 days,2025-03-18T11:05:58.514Z,10,,395212
price_1SvKGXFDEp8YEMWa5JjGYcja,prod_Tt3JMwglme7l4i,Studio Private - Anisha (Single Class),,,Mumbai,2026-01-30 16:09,6248.00,inr,,,,,per_unit,,unspecified,,true,price_1SvJzwFDEp8YEMWauplwPOlA,,5900,,,,,,,Kwality House & Supreme HQ,5%,days,Mumbai,7,1,0,7,6248,false,36758,Mumbai,true,1,fixed-price,0,false,false,423238,false,absolute,5950,days,13752,package-events,2025-09-22T03:46:23.766Z,false,0,5950,7,false,,Mumbai,false,false,false,7,,7 days,2025-05-08T11:08:17.992Z,1,,423238
price_1SvKGUFDEp8YEMWa6KIAG6kv,prod_Tt3JrUf4h45YuF,Studio Privates - Anisha x 10,,,Mumbai,2026-01-30 16:09,62475.00,inr,,,,,per_unit,,unspecified,,true,price_1SvJzuFDEp8YEMWaevkoiwc1,,,,,,,,,Kwality House & Supreme HQ,5%,days,Mumbai,70,10,2,70,62475,false,36758,Mumbai,true,10,fixed-price,0,false,false,423239,false,absolute,59500,days,13752,package-events,2025-09-22T03:46:45.213Z,false,0,59500,70,false,,Mumbai,false,false,false,7,,70 days,2025-05-08T11:10:38.386Z,10,,423239
price_1SvKGRFDEp8YEMWaJtase7Z1,prod_Tt3JDP7po84tGA,Virtual Private - Anisha,,,Mumbai,2026-01-30 16:09,5670.00,inr,,,,,per_unit,,unspecified,,true,price_1SvJzrFDEp8YEMWaDx8GmCmS,,,,,,,,,Kwality House & Supreme HQ,5%,days,Mumbai,7,1,0,7,5670,false,36758,Mumbai,true,1,fixed-price,0,false,false,467480,false,absolute,5400,days,13752,package-events,2025-09-22T03:47:10.396Z,false,0,5400,7,false,,Mumbai,false,false,false,7,,7 days,2025-07-03T10:23:11.998Z,1,,467480
price_1SvKGOFDEp8YEMWaDzRvPTC2,prod_Tt3J8md7mQl2cn,Virtual Privates - Anisha x 10,,,Mumbai,2026-01-30 16:09,56700.00,inr,,,,,per_unit,,unspecified,,true,price_1SvJzpFDEp8YEMWac2WwOp5Z,,,,,,,,,Kwality House & Supreme HQ,5%,days,Mumbai,500,10,17,500,56700,false,36758,Mumbai,true,10,fixed-price,0,false,false,467481,false,absolute,54000,days,13752,package-events,2025-09-22T03:47:21.800Z,false,0,54000,500,false,,Mumbai,false,false,false,7,,500 days,2025-07-03T10:25:15.636Z,10,,467481
price_1SvKGMFDEp8YEMWaoJmirwey,prod_Tt3JddR309Beia,Barre 1 month Unlimited,,,Mumbai,2026-01-30 16:09,16013.00,inr,,,,,per_unit,,unspecified,,true,price_1SvJzmFDEp8YEMWaHXtExHDB,,,,,0,false,false,0,Kwality House & Supreme HQ,5%,days,Mumbai,30,999,1,30,16013,false,36758,Mumbai,true,,fixed-price,0,false,false,495695,false,absolute,15250,days,13752,subscription,2025-09-21T18:35:41.481Z,false,0,15250,30,false,,Mumbai,false,false,false,7,,30 days,2025-08-18T07:25:48.566Z,,,495695
price_1SvKGJFDEp8YEMWaOXwh31IP,prod_Tt3JcZMU9y6mlj,powerCycle 1 month Unlimited,,,Mumbai,2026-01-30 16:09,16013.00,inr,,,,,per_unit,,unspecified,,true,price_1SvJzjFDEp8YEMWaIcCBIbqH,,,,,0,false,false,0,Kwality House & Supreme HQ,5%,days,Mumbai,30,999,1,30,16013,false,36758,Mumbai,true,,fixed-price,0,false,false,495696,false,absolute,15250,days,13752,subscription,2025-09-21T18:35:51.735Z,false,0,15250,30,false,,Mumbai,false,false,false,7,,30 days,2025-08-18T07:26:43.415Z,,,495696
price_1SvKGHFDEp8YEMWaJneADFwa,prod_Tt3JJS46ZT5mVZ,Strength Lab 1 month Unlimited,,,Mumbai,2026-01-30 16:09,16013.00,inr,,,,,per_unit,,unspecified,,true,price_1SvJzhFDEp8YEMWatpzzNgTw,,,,,0,false,false,0,Kwality House & Supreme HQ,5%,days,Mumbai,30,999,1,30,16013,false,36758,Mumbai,true,,fixed-price,0,false,false,495697,false,absolute,15250,days,13752,subscription,2025-09-21T18:36:03.055Z,false,0,15250,30,false,,Mumbai,false,false,false,7,,30 days,2025-08-18T07:28:10.298Z,,,495697
price_1SvKGEFDEp8YEMWad3QvN5ii,prod_Tt3J74kD1b4XNv,Barre 3 months Unlimited,,,Mumbai,2026-01-30 16:09,45675.00,inr,,,,,per_unit,,unspecified,,true,price_1SvJzeFDEp8YEMWaxeLJhNmj,,,,,0,false,false,0,Kwality House & Supreme HQ,5%,days,Mumbai,90,999,3,90,45675,false,36758,Mumbai,true,,fixed-price,0,false,false,495700,false,absolute,43500,days,13752,subscription,2025-09-21T18:36:45.892Z,false,0,43500,90,false,,Mumbai,false,false,false,7,,90 days,2025-08-18T07:54:36.022Z,,,495700
price_1SvKGBFDEp8YEMWaMwioEVUM,prod_Tt3JC1r0whpex1,powerCycle 3 months Unlimited,,,Mumbai,2026-01-30 16:09,45675.00,inr,,,,,per_unit,,unspecified,,true,price_1SvJzcFDEp8YEMWa5hYKpfha,,,,,0,false,false,0,Kwality House & Supreme HQ,5%,days,Mumbai,90,999,3,90,45675,false,612,Mumbai,true,,fixed-price,0,false,false,495701,false,absolute,43500,days,13752,subscription,2025-08-18T08:11:37.626Z,false,0,43500,90,false,,Mumbai,false,false,false,7,,90 days,2025-08-18T07:55:53.914Z,,,495701
price_1SvKG8FDEp8YEMWaaIEBDp55,prod_Tt3J4wz72WYgdW,Strength Lab 3 months Unlimited,,,Mumbai,2026-01-30 16:09,16013.00,inr,,,,,per_unit,,unspecified,,true,price_1SvJzZFDEp8YEMWaWVx3vKC7,,,,,0,false,false,0,Kwality House & Supreme HQ,5%,days,Mumbai,90,999,3,90,16013,false,36758,Mumbai,true,,fixed-price,0,false,false,495702,false,absolute,15250,days,13752,subscription,2025-09-21T18:36:55.491Z,false,0,15250,90,false,,Mumbai,false,false,false,7,,90 days,2025-08-18T07:56:20.919Z,,,495702
price_1SvKG5FDEp8YEMWaxyKRUnWL,prod_Tt3JDtlTbqYHo1,Barre 6 month Unlimited,,,Mumbai,2026-01-30 16:09,89775.00,inr,,,,,per_unit,,unspecified,,true,price_1SvJzXFDEp8YEMWahUGOSxyg,,,,,0,false,false,0,Kwality House & Supreme HQ,5%,days,Mumbai,180,999,6,180,89775,false,36758,Mumbai,true,,fixed-price,0,false,false,495703,false,absolute,85500,days,13752,subscription,2025-09-21T18:37:04.657Z,false,0,85500,180,false,,Mumbai,false,false,false,7,,180 days,2025-08-18T07:58:17.254Z,,,495703
price_1SvKG2FDEp8YEMWaAkI8BQcv,prod_Tt3JJz5pPw2JUF,powerCycle 6 months Unlimited,,,Mumbai,2026-01-30 16:09,89775.00,inr,,,,,per_unit,,unspecified,,true,price_1SvJzUFDEp8YEMWabBez3gnV,,,,,0,false,false,0,Kwality House & Supreme HQ,5%,days,Mumbai,180,999,6,180,89775,false,36758,Mumbai,true,,fixed-price,0,false,false,495704,false,absolute,85500,days,13752,subscription,2025-09-21T18:37:16.408Z,false,0,85500,180,false,,Mumbai,false,false,false,7,,180 days,2025-08-18T07:58:46.411Z,,,495704
price_1SvKFzFDEp8YEMWao2XUn92E,prod_Tt3JiKB424b0ws,Strength Lab 6 months Unlimited,,,Mumbai,2026-01-30 16:09,89775.00,inr,,,,,per_unit,,unspecified,,true,price_1SvJzSFDEp8YEMWat2K3Yyuc,,,,,0,false,false,0,Kwality House & Supreme HQ,5%,days,Mumbai,180,999,6,180,89775,false,36758,Mumbai,true,,fixed-price,0,false,false,495705,false,absolute,85500,days,13752,subscription,2025-09-21T18:37:24.688Z,false,0,85500,180,false,,Mumbai,false,false,false,7,,180 days,2025-08-18T07:59:10.862Z,,,495705
price_1SvKFwFDEp8YEMWagYahaHEb,prod_Tt3J1SYRZwPQw8,Barre Annual Membership,,,Mumbai,2026-01-30 16:09,173250.00,inr,,,,,per_unit,,unspecified,,true,price_1SvJzPFDEp8YEMWa3ydgpXIk,,,,,0,false,false,0,Kwality House & Supreme HQ,5%,days,Mumbai,365,999,12,365,173250,false,36758,Mumbai,true,,fixed-price,0,false,false,495706,false,absolute,165000,days,13752,subscription,2025-09-21T18:37:32.869Z,false,0,165000,365,false,,Mumbai,false,false,false,7,,365 days,2025-08-18T08:06:16.487Z,,,495706
price_1SvKFtFDEp8YEMWaHHTb2j38,prod_Tt3JFuCa1OgRmc,powerCycle Annual Membership,,,Mumbai,2026-01-30 16:09,173250.00,inr,,,,,per_unit,,unspecified,,true,price_1SvJzNFDEp8YEMWatPtR88yD,,,,,0,false,false,0,Kwality House & Supreme HQ,5%,days,Mumbai,365,999,12,365,173250,false,36758,Mumbai,true,,fixed-price,0,false,false,495707,false,absolute,165000,days,13752,subscription,2025-09-21T18:37:40.249Z,false,0,165000,365,false,,Mumbai,false,false,false,7,,365 days,2025-08-18T08:06:51.685Z,,,495707
price_1SvKFqFDEp8YEMWa0f61gMw4,prod_Tt3J2hhrAeBdUK,Strength Lab Annual Membership,,,Mumbai,2026-01-30 16:09,173250.00,inr,,,,,per_unit,,unspecified,,true,price_1SvJzLFDEp8YEMWaWhPAZL88,,,,,0,false,false,0,Kwality House & Supreme HQ,5%,days,Mumbai,365,999,12,365,173250,false,36758,Mumbai,true,,fixed-price,0,false,false,495708,false,absolute,165000,days,13752,subscription,2025-09-21T18:37:48.301Z,false,0,165000,365,false,,Mumbai,false,false,false,7,,365 days,2025-08-18T08:07:15.453Z,,,495708
price_1SvKFnFDEp8YEMWaEVupzuul,prod_Tt3JbjH5jZfnu8,Barre 2 week Unlimited,,,Mumbai,2026-01-30 16:09,8925.00,inr,,,,,per_unit,,unspecified,,true,price_1SvJzIFDEp8YEMWaRx9ORRe3,,,,,,,,,Kwality House & Supreme HQ,5%,days,Mumbai,14,20,0,14,8925,false,36758,Mumbai,true,20,fixed-price,0,false,false,495714,false,absolute,8500,days,13752,package-events,2025-09-22T03:47:45.510Z,false,0,8500,14,false,,Mumbai,false,false,false,7,,14 days,2025-08-18T08:29:59.543Z,20,,495714
price_1SvKFkFDEp8YEMWa6Tj0RivN,prod_Tt3J2qPDZ7Qqzb,powerCycle 2 week Unlimited,,,Mumbai,2026-01-30 16:09,8925.00,inr,,,,,per_unit,,unspecified,,true,price_1SvJzGFDEp8YEMWaEJ6E3lvk,,,,,,,,,Kwality House & Supreme HQ,5%,days,Mumbai,14,20,0,14,8925,false,36758,Mumbai,true,20,fixed-price,0,false,false,495715,false,absolute,8500,days,13752,package-events,2025-09-22T03:48:04.862Z,false,0,8500,14,false,,Mumbai,false,false,false,7,,14 days,2025-08-18T08:31:34.661Z,20,,495715
price_1SvKFhFDEp8YEMWag6lKscSF,prod_Tt3JD2sSj2lcn8,Strength Lab 2 week Unlimited,,,Mumbai,2026-01-30 16:08,8925.00,inr,,,,,per_unit,,unspecified,,true,price_1SvJzCFDEp8YEMWaygVejNS0,,,,,,,,,Kwality House & Supreme HQ,5%,days,Mumbai,14,20,0,14,8925,false,36758,Mumbai,true,20,fixed-price,0,false,false,495716,false,absolute,8500,days,13752,package-events,2025-09-22T03:48:22.130Z,false,0,8500,14,false,,Mumbai,false,false,false,7,,14 days,2025-08-18T08:32:21.465Z,20,,495716
price_1SvKFeFDEp8YEMWaVAZplRmc,prod_Tt3JbbelPOYH0V,Owner's Special - 2 for 1,,,Mumbai,2026-01-30 16:08,1575.00,inr,,,,,per_unit,,unspecified,,true,price_1SvJzAFDEp8YEMWaDQt4Pv3C,,,,,,,,,Kwality House & Supreme HQ,5%,days,Mumbai,7,2,0,7,1575,false,612,Mumbai,true,2,fixed-price,0,false,false,500399,false,absolute,1500,days,13752,package-events,2025-08-26T12:29:51.251Z,false,0,1500,7,false,,Mumbai,false,false,false,7,,7 days,2025-08-25T13:13:15.145Z,2,,500399
price_1SvKFcFDEp8YEMWaMY1l6dzs,prod_Tt3J8ck7ofaoR9,1 Freeze Attempt,,,Mumbai,2026-01-30 16:08,1050.00,inr,,,,,per_unit,,unspecified,,true,price_1SvJz8FDEp8YEMWaEPZKqLPh,,,0,0,0,false,false,0,Kwality House & Supreme HQ,5%,days,Mumbai,7,0,0,7,1050,false,36758,Mumbai,false,,fixed-price,0,false,false,602418,false,absolute,1000,days,13752,subscription,2025-12-22T05:03:20.998Z,false,0,1000,7,false,,Mumbai,false,false,false,7,,7 days,2025-12-22T05:03:20.998Z,0,,602418
price_1SvKFYFDEp8YEMWa4onhqAEe,prod_Tt3JHLHhzo4OYD,Studio 57 Class Package,,,Mumbai,2026-01-30 16:08,99750.00,inr,,,,,per_unit,,unspecified,,true,price_1SvJz5FDEp8YEMWattmspg4W,,,57,0,0,false,false,0,,,,,,,,,,false,36758,Mumbai,true,,fixed-price,0,false,false,634608,false,absolute,99750,days,13752,subscription,2026-01-28T10:29:30.018Z,false,0,99750,180,false,,Mumbai,false,false,false,7,,180 days,2026-01-28T10:29:30.018Z,57,,634608
price_1SvKFSFDEp8YEMWa6ISbqyAr,prod_Tt3JK3UKZPKZya,Studio Single Class,,,Mumbai,2026-01-30 16:08,1838.00,inr,,,,,per_unit,,unspecified,,true,price_1SvJz3FDEp8YEMWa884rq1Wd,,,,,,,,,Kwality House & Supreme HQ,5%,days,Mumbai,7,1,0,7,1838,false,36758,Mumbai,true,1,fixed-price,0,false,false,27845,true,absolute,1750,days,13752,package-events,2026-01-01T05:41:39.623Z,false,0,1750,7,false,,Mumbai,false,false,false,7,,7 days,2022-06-23T06:53:06.516Z,1,2,27845
price_1SvKF4FDEp8YEMWa16GbTW09,prod_Tt3JoWuItIvAAt,Studio 3 Month Unlimited Membership,,,Bengaluru,2026-01-30 16:08,42210.00,inr,,,,,per_unit,,unspecified,,true,price_1SvHD9FDEp8YEMWa007rE7Ck,,,,,0,false,false,0,Kenkere House,5%,days,Bengaluru,90,999,3,90,42210,false,3457,Bengaluru,true,,fixed-price,0,false,false,111534,true,absolute,40200,months,33905,subscription,2025-10-02T04:26:08.819Z,false,0,40200,3,false,,Bengaluru,false,false,false,7,,3 months,2023-09-15T09:49:06.605Z,,8,111534
price_1SvKF2FDEp8YEMWam5GB24zv,prod_Tt3JoWuItIvAAt,Studio 3 Month Unlimited Membership,,,Mumbai,2026-01-30 16:08,53288.00,inr,,,,,per_unit,,unspecified,,true,price_1SvJyhFDEp8YEMWavpjnRqoZ,,,,0,0,false,false,0,Kwality House & Supreme HQ,5%,days,Mumbai,90,0,3,90,53288,false,36758,Mumbai,true,,fixed-price,0,false,false,69065,true,absolute,50750,months,13752,subscription,2025-12-19T09:58:49.280Z,false,0,50750,3,false,,Mumbai,false,false,false,7,,3 months,2023-04-26T08:04:49.906Z,0,28,69065
price_1SvJyhFDEp8YEMWavpjnRqoZ,prod_Tt3JoWuItIvAAt,Studio 3 Month Unlimited Membership,,,Mumbai,2026-01-30 15:51,53288.00,inr,,,,,per_unit,,unspecified,,true,price_1SvHD8FDEp8YEMWaMOy2AmyU,,,,0,0,false,false,0,Kwality House & Supreme HQ,5%,days,Mumbai,90,0,3,90,53288,false,36758,Mumbai,true,,fixed-price,0,false,false,69065,true,absolute,50750,months,13752,subscription,2025-12-19T09:58:49.280Z,false,0,50750,3,false,,Mumbai,false,false,false,7,,3 months,2023-04-26T08:04:49.906Z,0,28,69065
price_1PLKPCFDEp8YEMWaV5vFVnuY,prod_QBhoJYtVshTHaU,3 Months Unlimited Membership with 10% discount,,,,2024-05-28 07:25,43808.00,inr,,,,,per_unit,,unspecified,,,,,,,,,,,,,,,,,,,,,,,,,,,,,,,,,,,,,,,,,,,,,,,,,,,,,,
price_1PKadFFDEp8YEMWaZx82wBz1,prod_QAwWjjdLp5WROF,12 Class Package with 12% Discount,,,,2024-05-26 06:32,14381.00,inr,,,,,per_unit,,unspecified,,,,,,,,,,,,,,,,,,,,,,,,,,,,,,,,,,,,,,,,,,,,,,,,,,,,,,
price_1PJA73FDEp8YEMWaoj6tRpQ4,prod_Q9T3gV8zkODQbk,10 class package with 10% discount,,,,2024-05-22 08:01,14868.00,inr,,,,,per_unit,,unspecified,,,,,,,,,,,,,,,,,,,,,,,,,,,,,,,,,,,,,,,,,,,,,,,,,,,,,,
price_1PImfzFDEp8YEMWanM59tBXq,prod_Q94pajURoLrcFn,3 Months Unlimited Monthly Payment,,,,2024-05-21 06:59,16225.00,inr,,,,,per_unit,,unspecified,,,,,,,,,,,,,,,,,,,,,,,,,,,,,,,,,,,,,,,,,,,,,,,,,,,,,,
price_1PI4rwFDEp8YEMWatqAU9dk3,prod_Q8LZOzRwAEGzO8,12 Class Package with 15% discount,,,,2024-05-19 08:13,13892.00,inr,,,,,per_unit,,unspecified,,,,,,,,,,,,,,,,,,,,,,,,,,,,,,,,,,,,,,,,,,,,,,,,,,,,,,
price_1PHkKZFDEp8YEMWapJSqBCPS,prod_Q80LD7q0lSRMHX,8 Class Package,,,,2024-05-18 10:17,11092.00,inr,,,,,per_unit,,unspecified,,,,,,,,,,,,,,,,,,,,,,,,,,,,,,,,,,,,,,,,,,,,,,,,,,,,,,
price_1PGibBFDEp8YEMWa0lnEGUoL,prod_Q6wUGgwX9m2IRB,12 Class Package,,,,2024-05-15 14:14,16343.00,inr,,,,,per_unit,,unspecified,,,,,,,,,,,,,,,,,,,,,,,,,,,,,,,,,,,,,,,,,,,,,,,,,,,,,,
price_1PGh9iFDEp8YEMWarjPAFWiT,prod_Q6uzLzROmu5Fhj,One Month Unlimited Membership,,,,2024-05-15 12:42,16815.00,inr,,,,,per_unit,,unspecified,,,,,,,,,,,,,,,,,,,,,,,,,,,,,,,,,,,,,,,,,,,,,,,,,,,,,,
price_1PGGhxFDEp8YEMWaisOAwcjn,prod_Q6TfYo4C2ffqXg,Physique57 10 studio private classes,,,,2024-05-14 08:27,59000.00,inr,,,,,per_unit,,unspecified,,,,,,,,,,,,,,,,,,,,,,,,,,,,,,,,,,,,,,,,,,,,,,,,,,,,,,
price_1PFuIXFDEp8YEMWa4SX8BK52,prod_Q66VetVlS7ciCw,"3 Peanut Cacoa Mini, 2 Regular Granola Bar",,,,2024-05-13 08:31,645.00,inr,,,,,per_unit,,unspecified,,,,,,,,,,,,,,,,,,,,,,,,,,,,,,,,,,,,,,,,,,,,,,,,,,,,,,
price_1PEtl1FDEp8YEMWakpnZNU2g,prod_Q53sMCs5Pr9DgH,Miss Mountain Dawn,,,,2024-05-10 13:45,1190.00,inr,,,,,per_unit,,unspecified,,,,,,,,,,,,,,,,,,,,,,,,,,,,,,,,,,,,,,,,,,,,,,,,,,,,,,
price_1PEo6yFDEp8YEMWaSh2gqvDQ,prod_Q4y35TV8OXAOuW,6 months unlimited membership with 15% Discount,,,,2024-05-10 07:43,76464.00,inr,,,,,per_unit,,unspecified,,,,,,,,,,,,,,,,,,,,,,,,,,,,,,,,,,,,,,,,,,,,,,,,,,,,,,
price_1PE1IsFDEp8YEMWaPYorpoPx,prod_Q49cHPASOwkH6r,20 Single Class with 10% discount,,,,2024-05-08 03:36,29736.00,inr,,,,,per_unit,,unspecified,,,,,,,,,,,,,,,,,,,,,,,,,,,,,,,,,,,,,,,,,,,,,,,,,,,,,,
price_1PDdRLFDEp8YEMWa0DTx6pIM,prod_Q3kx8gC3q7crcf,10 Studio Private Class,,,,2024-05-07 02:07,59000.00,inr,,,,,per_unit,,unspecified,,,,,,,,,,,,,,,,,,,,,,,,,,,,,,,,,,,,,,,,,,,,,,,,,,,,,,
price_1PBWVgFDEp8YEMWafHwns7kW,prod_Q1ZfXnG56hwcsg,3 months unlimited with 20% Olympic discount,,,,2024-05-01 06:19,38940.00,inr,,,,,per_unit,,unspecified,,,,,,,,,,,,,,,,,,,,,,,,,,,,,,,,,,,,,,,,,,,,,,,,,,,,,,
price_1PBI06FDEp8YEMWaCqHEQNqO,prod_Q1KfpF0ZHT0dnC,8 class package,,,,2024-04-30 14:49,9983.00,inr,,,,,per_unit,,unspecified,,,,,,,,,,,,,,,,,,,,,,,,,,,,,,,,,,,,,,,,,,,,,,,,,,,,,,
price_1PBC1gFDEp8YEMWa4qkoSLwq,prod_Q1EUxgviej0NJv,Physique57 studio 3 month + 3 month ( 50%) unlimited membership offer,,,,2024-04-30 08:27,73013.00,inr,,,,,per_unit,,unspecified,,,,,,,,,,,,,,,,,,,,,,,,,,,,,,,,,,,,,,,,,,,,,,,,,,,,,,
price_1PAnlEFDEp8YEMWaPxCkQRai,prod_Q0pQ9neQFkdBCa,6 Months Unlimited with 20% Discount,,,,2024-04-29 06:32,76464.00,inr,,,,,per_unit,,unspecified,,,,,,,,,,,,,,,,,,,,,,,,,,,,,,,,,,,,,,,,,,,,,,,,,,,,,,
price_1PAmsxFDEp8YEMWanRKnDo87,prod_Q0oVxrnMTaiQuJ,12 Class Package with 10% discount,,,,2024-04-29 05:36,14708.00,inr,,,,,per_unit,,unspecified,,,,,,,,,,,,,,,,,,,,,,,,,,,,,,,,,,,,,,,,,,,,,,,,,,,,,,
price_1P9ilIFDEp8YEMWaj1IsMMIS,prod_PziB44UJRATqg0,Physique57 single virtual private class,,,,2024-04-26 07:00,5310.00,inr,,,,,per_unit,,unspecified,,,,,,,,,,,,,,,,,,,,,,,,,,,,,,,,,,,,,,,,,,,,,,,,,,,,,,
price_1P91MYFDEp8YEMWaSvCsoBOX,prod_PyzLcUlj8BG7Hr,Physique57 3 months unlimited membership 40k offer,,,,2024-04-24 08:39,40000.00,inr,,,,,per_unit,,unspecified,,,,,,,,,,,,,,,,,,,,,,,,,,,,,,,,,,,,,,,,,,,,,,,,,,,,,,
price_1P8zSyFDEp8YEMWaz7F6Mhwm,prod_PyxNseGzrRUeKy,Studio 6 month unlimited with 15% discount,,,,2024-04-24 06:38,81243.00,inr,,,,,per_unit,,unspecified,,,,,,,,,,,,,,,,,,,,,,,,,,,,,,,,,,,,,,,,,,,,,,,,,,,,,,
price_1P8ZRxFDEp8YEMWaNrFC0Hla,prod_PyWUEfDVY4tMBr,Studio Private classes-20 with 10% discount,,,,2024-04-23 02:51,106200.00,inr,,,,,per_unit,,unspecified,,,,,,,,,,,,,,,,,,,,,,,,,,,,,,,,,,,,,,,,,,,,,,,,,,,,,,
price_1P8DjbFDEp8YEMWaqpUXmQlc,prod_PyA31tzv9S5Y2W,Studio virtual private classes -20,,,,2024-04-22 03:40,106200.00,inr,,,,,per_unit,,unspecified,,,,,,,,,,,,,,,,,,,,,,,,,,,,,,,,,,,,,,,,,,,,,,,,,,,,,,
price_1P7yb1FDEp8YEMWaSTdUKprz,prod_PxuPHy3zeXpfss,4 class package,,,,2024-04-21 11:30,5841.00,inr,,,,,per_unit,,unspecified,,,,,,,,,,,,,,,,,,,,,,,,,,,,,,,,,,,,,,,,,,,,,,,,,,,,,,
price_1P7vpTFDEp8YEMWaEmWqM6bf,prod_PxrY50wAAMLwIs,1 month unlimited membership,,,,2024-04-21 08:32,15134.00,inr,,,,,per_unit,,unspecified,,,,,,,,,,,,,,,,,,,,,,,,,,,,,,,,,,,,,,,,,,,,,,,,,,,,,,
price_1P6ot8FDEp8YEMWaccUcD5e5,prod_PwiJc8QxJbwNhp,1 month unlimited membership,,,,2024-04-18 06:56,14292.00,inr,,,,,per_unit,,unspecified,,,,,,,,,,,,,,,,,,,,,,,,,,,,,,,,,,,,,,,,,,,,,,,,,,,,,,
price_1P6VbEFDEp8YEMWaZ83ULWwU,prod_PwOOEPt4n0knS7,3 months unlimited membership @15% discount,,,,2024-04-17 10:20,41374.00,inr,,,,,per_unit,,unspecified,,,,,,,,,,,,,,,,,,,,,,,,,,,,,,,,,,,,,,,,,,,,,,,,,,,,,,
price_1P4bmaFDEp8YEMWaAx1ry202,prod_PuQdKahHbAuNG8,2 Raw Granola Bar,,,,2024-04-12 04:32,580.00,inr,,,,,per_unit,,unspecified,,,,,,,,,,,,,,,,,,,,,,,,,,,,,,,,,,,,,,,,,,,,,,,,,,,,,,
price_1P4J3aFDEp8YEMWanlTshLYQ,prod_Pu7I39921zkqfR,Studio 1-month unlimited membership with 20% discount,,,,2024-04-11 08:32,13452.00,inr,,,,,per_unit,,unspecified,,,,,,,,,,,,,,,,,,,,,,,,,,,,,,,,,,,,,,,,,,,,,,,,,,,,,,
price_1P4IKiFDEp8YEMWaFxkqoW6e,prod_Pu6XkhTBYVqHn5,Flex 10 Class Package,,,,2024-04-11 07:46,16520.00,inr,,,,,per_unit,,unspecified,,,,,,,,,,,,,,,,,,,,,,,,,,,,,,,,,,,,,,,,,,,,,,,,,,,,,,
price_1P4IKQFDEp8YEMWas6tPHD8P,prod_Pu6XzgfQMa1V1g,Flex 10 class Package,,,,2024-04-11 07:45,16520.00,inr,,,,,per_unit,,unspecified,,,,,,,,,,,,,,,,,,,,,,,,,,,,,,,,,,,,,,,,,,,,,,,,,,,,,,
price_1P4FSGFDEp8YEMWajjL5uAGf,prod_Pu3ZD0ScHirboz,Two Single Class Payment,,,,2024-04-11 04:41,3304.00,inr,,,,,per_unit,,unspecified,,,,,,,,,,,,,,,,,,,,,,,,,,,,,,,,,,,,,,,,,,,,,,,,,,,,,,
price_1P3J3wFDEp8YEMWaXplNPc4m,prod_Pt5EBkMahnZLLy,2 Studio private classes - Gayatri Bed,,,,2024-04-08 14:20,11800.00,inr,,,,,per_unit,,unspecified,,,,,,,,,,,,,,,,,,,,,,,,,,,,,,,,,,,,,,,,,,,,,,,,,,,,,,
price_1P3Iw4FDEp8YEMWaJSliEQMg,prod_Pt56cLSwlTybVK,Studio Annual monthly unlimited with 10% plus seed tights & hoodie,,,,2024-04-08 14:12,20604.00,inr,,,,,per_unit,,unspecified,,,,,,,,,,,,,,,,,,,,,,,,,,,,,,,,,,,,,,,,,,,,,,,,,,,,,,
price_1P1M9HFDEp8YEMWaJ9MrbMqT,prod_Pr4HUkfHad2WbJ,8 studio Private classes (10% discount) + Grippy Sock,,,,2024-04-03 05:14,43636.00,inr,,,,,per_unit,,unspecified,,,,,,,,,,,,,,,,,,,,,,,,,,,,,,,,,,,,,,,,,,,,,,,,,,,,,,
price_1P13M7FDEp8YEMWabVus0E8i,prod_PqkrjQc9h5v28c,New comers One Month Unlimited Membership,,,,2024-04-02 09:10,14292.00,inr,,,,,per_unit,,unspecified,,,,,,,,,,,,,,,,,,,,,,,,,,,,,,,,,,,,,,,,,,,,,,,,,,,,,,
price_1OzH4sFDEp8YEMWaJZp2jrkJ,prod_PouuxedBXhv712,Taarika Mariwala - 16 Studio Private classes + 2 Virtual Private classes,,,,2024-03-28 11:25,105020.00,inr,,,,,per_unit,,unspecified,,,,,,,,,,,,,,,,,,,,,,,,,,,,,,,,,,,,,,,,,,,,,,,,,,,,,,
price_1OzDF3FDEp8YEMWavxpA1veD,prod_PoqwcD5za4RQGa,The Good Bug - Bye Bye Bloat,,,,2024-03-28 07:19,1398.00,inr,,,,,per_unit,,unspecified,,,,,,,,,,,,,,,,,,,,,,,,,,,,,,,,,,,,,,,,,,,,,,,,,,,,,,
price_1Oir0CFDEp8YEMWa2gCAdBAC,prod_PXwuwodkMHZ5iL,Physique57 Yearly Membership- Monthly Installment,,,,2024-02-12 04:20,14075.00,inr,,,,,per_unit,,unspecified,,,,,,,,,,,,,,,,,,,,,,,,,,,,,,,,,,,,,,,,,,,,,,,,,,,,,,
price_1OiqoHFDEp8YEMWaYLmnl1wX,prod_PXwh8XL1gkYeA9,Physique57 Single class,,,,2024-02-12 04:08,1652.00,inr,,,,,per_unit,,unspecified,,,,,,,,,,,,,,,,,,,,,,,,,,,,,,,,,,,,,,,,,,,,,,,,,,,,,,
price_1OiZyKFDEp8YEMWa1Wvu7MQQ,prod_PXfInkbZ380kNa,Physique57 One Month Membership,,,,2024-02-11 10:09,16815.00,inr,,,,,per_unit,,unspecified,,,,,,,,,,,,,,,,,,,,,,,,,,,,,,,,,,,,,,,,,,,,,,,,,,,,,,
price_1OiF1CFDEp8YEMWas2T6zQr1,prod_PXJeiZh8Sr6mea,4 class package,,,,2024-02-10 11:46,5841.00,inr,,,,,per_unit,,unspecified,,,,,,,,,,,,,,,,,,,,,,,,,,,,,,,,,,,,,,,,,,,,,,,,,,,,,,
price_1OhoZhFDEp8YEMWa95vw2EEG,prod_PWsKsT5Cui3EyU,2 Studio Private Classes,,,,2024-02-09 07:32,11800.00,inr,,,,,per_unit,,unspecified,,,,,,,,,,,,,,,,,,,,,,,,,,,,,,,,,,,,,,,,,,,,,,,,,,,,,,
price_1OgiwpFDEp8YEMWa65COXndb,prod_PVkRpXhUtf6HZ1,Studio 12 class package,,,,2024-02-06 07:20,16343.00,inr,,,,,per_unit,,unspecified,,,,,,,,,,,,,,,,,,,,,,,,,,,,,,,,,,,,,,,,,,,,,,,,,,,,,,
price_1OgKRrFDEp8YEMWahlyKBDDr,prod_PVL8WH7XyYGEGr,2 Single Classes Payment Link,,,,2024-02-05 05:10,3304.00,inr,,,,,per_unit,,unspecified,,,,,,,,,,,,,,,,,,,,,,,,,,,,,,,,,,,,,,,,,,,,,,,,,,,,,,
price_1OfbI5FDEp8YEMWamsb7QM4d,prod_PUaTI0LsPAShrm,8-class package,,,,2024-02-03 04:57,11092.00,inr,,,,,per_unit,,unspecified,,,,,,,,,,,,,,,,,,,,,,,,,,,,,,,,,,,,,,,,,,,,,,,,,,,,,,
price_1ObylGFDEp8YEMWa6IyiX0LD,prod_PQqSv639g7kz6O,20 Single Class Pack,,,,2024-01-24 05:12,33040.00,inr,,,,,per_unit,,unspecified,,,,,,,,,,,,,,,,,,,,,,,,,,,,,,,,,,,,,,,,,,,,,,,,,,,,,,
price_1ObkbaFDEp8YEMWa5vePOf5g,prod_PQbpedDxz7C139,Physique57 One Month Unlimited Membership,,,,2024-01-23 14:05,14292.00,inr,,,,,per_unit,,unspecified,,,,,,,,,,,,,,,,,,,,,,,,,,,,,,,,,,,,,,,,,,,,,,,,,,,,,,
price_1OaahzFDEp8YEMWaRAzv3UxW,prod_PPPXWk1TSBwlv8,Nomads 2 bags plus wefast,,,,2024-01-20 09:19,13115.00,inr,,,,,per_unit,,unspecified,,,,,,,,,,,,,,,,,,,,,,,,,,,,,,,,,,,,,,,,,,,,,,,,,,,,,,
price_1OZvEZFDEp8YEMWacFxNdK0y,prod_POifLyx5RvicJo,Physique57 3 Months Unlimited Membership discounted,,,,2024-01-18 13:02,25000.00,inr,,,,,per_unit,,unspecified,,,,,,,,,,,,,,,,,,,,,,,,,,,,,,,,,,,,,,,,,,,,,,,,,,,,,,
price_1OZqDLFDEp8YEMWaqnlMdwCl,prod_POdU9X4wOM1Xt7,Physique57 Yearly Unlimited Membership @20% discount,,,,2024-01-18 07:40,150096.00,inr,,,,,per_unit,,unspecified,,,,,,,,,,,,,,,,,,,,,,,,,,,,,,,,,,,,,,,,,,,,,,,,,,,,,,
price_1OVXozFDEp8YEMWa6MOtdDEb,prod_PKCDTuHlqZtm6X,New comers One Month Unlimited Membership,,,,2024-01-06 11:13,13452.00,inr,,,,,per_unit,,unspecified,,,,,,,,,,,,,,,,,,,,,,,,,,,,,,,,,,,,,,,,,,,,,,,,,,,,,,
price_1OSzelFDEp8YEMWaWZgtrUxu,prod_PHYmE5Rl3pjr20,Christmas Annual offer with 25% discount,,,,2023-12-30 10:20,140715.00,inr,,,,,per_unit,,unspecified,,,,,,,,,,,,,,,,,,,,,,,,,,,,,,,,,,,,,,,,,,,,,,,,,,,,,,
price_1OSe7fFDEp8YEMWaM5Pxkj6B,prod_PHCWQAhIAIVpJ1,Studio 30 class package @15 % discount,,,,2023-12-29 11:21,42126.00,inr,,,,,per_unit,,unspecified,,,,,,,,,,,,,,,,,,,,,,,,,,,,,,,,,,,,,,,,,,,,,,,,,,,,,,
price_1OSe2oFDEp8YEMWaAIX4Nld1,prod_PHCReq2hzLyPSi,Studio 30 Single Class package,,,,2023-12-29 11:16,49568.00,inr,,,,,per_unit,,unspecified,,,,,,,,,,,,,,,,,,,,,,,,,,,,,,,,,,,,,,,,,,,,,,,,,,,,,,
price_1OSFfnFDEp8YEMWa1jkTWOba,prod_PGnGfA36JpuF3B,Christmas Offer : 6 Months Unlimited Membership + 1 Month Unlimited Membership complimentary,,,,2023-12-28 09:14,95580.00,inr,,,,,per_unit,,unspecified,,,,,,,,,,,,,,,,,,,,,,,,,,,,,,,,,,,,,,,,,,,,,,,,,,,,,,
price_1OSFYtFDEp8YEMWaUtev7Yb5,prod_PGn9zihk5kVWoX,Christmas Offer : Annual unlimited Membership @25% discount,,,,2023-12-28 09:07,140715.00,inr,,,,,per_unit,,unspecified,,,,,,,,,,,,,,,,,,,,,,,,,,,,,,,,,,,,,,,,,,,,,,,,,,,,,,
price_1ORsj0FDEp8YEMWaUQRywnEU,prod_PGPYkQPKWNIJrk,Christmas Offer : Annual Unlimited Membership @25% discount,,,,2023-12-27 08:44,140715.00,inr,,,,,per_unit,,unspecified,,,,,,,,,,,,,,,,,,,,,,,,,,,,,,,,,,,,,,,,,,,,,,,,,,,,,,
price_1OIqj5FDEp8YEMWaSbwDGwo8,prod_P74sFRjHHXiHDs,18 virtual private classes,,,,2023-12-02 10:47,95580.00,inr,,,,,per_unit,,unspecified,,,,,,,,,,,,,,,,,,,,,,,,,,,,,,,,,,,,,,,,,,,,,,,,,,,,,,
price_1OHRyEFDEp8YEMWapkANgyNn,prod_P5dEgq7VSxQdOP,20 Single Class package,,,,2023-11-28 14:09,29736.00,inr,,,,,per_unit,,unspecified,,,,,,,,,,,,,,,,,,,,,,,,,,,,,,,,,,,,,,,,,,,,,,,,,,,,,,
price_1OH2bnFDEp8YEMWaCBjOhVZZ,prod_P5D1AaIhfIJ4hq,BLR Annual Unlimited (Launch),,,,2023-11-27 11:04,133104.00,inr,,,,,per_unit,,unspecified,,,,,,,,,,,,,,,,,,,,,,,,,,,,,,,,,,,,,,,,,,,,,,,,,,,,,,
price_1OH2bFFDEp8YEMWaXQrQz04c,prod_P5D1oLci7nULSW,BLR 6 Month Unlimited (Launch),,,,2023-11-27 11:03,72818.00,inr,,,,,per_unit,,unspecified,,,,,,,,,,,,,,,,,,,,,,,,,,,,,,,,,,,,,,,,,,,,,,,,,,,,,,
price_1OH2aTFDEp8YEMWapnjVx4he,prod_P5D0hFblRQa2Qd,BLR 3 Month Unlimited (Launch),,,,2023-11-27 11:02,38784.24,inr,,,,,per_unit,,unspecified,,,,,,,,,,,,,,,,,,,,,,,,,,,,,,,,,,,,,,,,,,,,,,,,,,,,,,
price_1OH2ZrFDEp8YEMWaZUg7bQFv,prod_P5Cz5IFdt8uNXp,BLR 1 Month Unlimited (Launch),,,,2023-11-27 11:02,13753.00,inr,,,,,per_unit,,unspecified,,,,,,,,,,,,,,,,,,,,,,,,,,,,,,,,,,,,,,,,,,,,,,,,,,,,,,
price_1OH2Z3FDEp8YEMWaKJSp1mf0,prod_P5CzW9gajF1d9S,BLR 12 Class Package (Launch),,,,2023-11-27 11:01,11334.00,inr,,,,,per_unit,,unspecified,,,,,,,,,,,,,,,,,,,,,,,,,,,,,,,,,,,,,,,,,,,,,,,,,,,,,,
price_1OH2YUFDEp8YEMWalYRbVrvK,prod_P5CySjS3t8ZBAZ,BLR 8 Class Package (Launch),,,,2023-11-27 11:00,7788.00,inr,,,,,per_unit,,unspecified,,,,,,,,,,,,,,,,,,,,,,,,,,,,,,,,,,,,,,,,,,,,,,,,,,,,,,
price_1OH2WPFDEp8YEMWa9mk95J1L,prod_P5CweJasIKyrZ7,BLR NC 2 Week Unlimited,,,,2023-11-27 10:58,6785.00,inr,,,,,per_unit,,unspecified,,,,,,,,,,,,,,,,,,,,,,,,,,,,,,,,,,,,,,,,,,,,,,,,,,,,,,
price_1OH2VOFDEp8YEMWafq9k0ink,prod_P5CvDGqxAh8xQD,BLR Studio Single Class,,,,2023-11-27 10:57,1298.00,inr,,,,,per_unit,,unspecified,,,,,,,,,,,,,,,,,,,,,,,,,,,,,,,,,,,,,,,,,,,,,,,,,,,,,,
price_1OGcHWFDEp8YEMWaVk2TnICi,prod_P4lpdl4INJIt7L,BLR Studio Single Class,,,,2023-11-26 06:57,1100.00,inr,,,,,per_unit,,unspecified,,,,,,,,,,,,,,,,,,,,,,,,,,,,,,,,,,,,,,,,,,,,,,,,,,,,,,
price_1OGHpAFDEp8YEMWapOHig4mq,prod_P4QgqEBTVw2WLD,Studio Single Class,,,,2023-11-25 09:06,1652.00,inr,,,,,per_unit,,unspecified,,,,,,,,,,,,,,,,,,,,,,,,,,,,,,,,,,,,,,,,,,,,,,,,,,,,,,
price_1OGHmVFDEp8YEMWakRDxGi52,prod_P4Qd1IIxpDn6aT,Studio Single Class Link,,,,2023-11-25 09:04,165.00,inr,,,,,per_unit,,unspecified,,,,,,,,,,,,,,,,,,,,,,,,,,,,,,,,,,,,,,,,,,,,,,,,,,,,,,
price_1OFBbgFDEp8YEMWaRok9AhHi,prod_P3ICR1AZWLi2BU,20 Studio private classes with 10% discount,,,,2023-11-22 08:16,106200.00,inr,,,,,per_unit,,unspecified,,,,,,,,,,,,,,,,,,,,,,,,,,,,,,,,,,,,,,,,,,,,,,,,,,,,,,
price_1OCg3dFDEp8YEMWaKAYVBZvR,prod_P0hSg8eu3PUABt,20 Single Class Package,,,,2023-11-15 10:10,33040.00,inr,,,,,per_unit,,unspecified,,,,,,,,,,,,,,,,,,,,,,,,,,,,,,,,,,,,,,,,,,,,,,,,,,,,,,
price_1O5TQvFDEp8YEMWaMUNAYpp5,prod_OtFwiAOiRfPZUt,Studio 3 Month Unlimited,,,,2023-10-26 13:17,48675.00,inr,,,,,per_unit,,unspecified,,,,,,,,,,,,,,,,,,,,,,,,,,,,,,,,,,,,,,,,,,,,,,,,,,,,,,
price_1NsJywFDEp8YEMWaR9i0P5kf,prod_OffJD2sZCwNX8i,TEST,,,,2023-09-20 06:33,1.00,inr,month,1,licensed,,per_unit,,unspecified,,,,,,,,,,,,,,,,,,,,,,,,,,,,,,,,,,,,,,,,,,,,,,,,,,,,,,
price_1Ns0taFDEp8YEMWa5YftGMHS,prod_OfLaFrxoE9TCzM,Studio 3 Month Unlimited - Monthly Payment,,,,2023-09-19 10:11,16225.00,inr,month,1,licensed,,per_unit,,unspecified,,,,,,,,,,,,,,,,,,,,,,,,,,,,,,,,,,,,,,,,,,,,,,,,,,,,,,
price_1NeskcFDEp8YEMWa9RWFnByc,prod_OMe1YSImNKWo6Z,Studio Single Class,,,,2023-08-14 04:51,1600.00,inr,,,,,per_unit,,unspecified,,,,,,,,,,,,,,,,,,,,,,,,,,,,,,,,,,,,,,,,,,,,,,,,,,,,,,
price_1NebPEFDEp8YEMWayjUiF3Kc,prod_ONMFzKyMiJWZvl,Studio 30 Single Class Pack,,,,2023-08-13 10:20,49560.00,inr,,,,,per_unit,,unspecified,,,,,,,,,,,,,,,,,,,,,,,,,,,,,,,,,,,,,,,,,,,,,,,,,,,,,,
price_1NebOQFDEp8YEMWaZco1MWCp,prod_ONMDobeK3sJqBQ,Studio 10 Single Class Pack,,,,2023-08-13 10:19,16520.00,inr,,,,,per_unit,,unspecified,,,,,,,,,,,,,,,,,,,,,,,,,,,,,,,,,,,,,,,,,,,,,,,,,,,,,,
price_1NebNEFDEp8YEMWaANZmnpaZ,prod_ONMERyQa3xP5Pq,Studio 20 Single Class Pack,,,,2023-08-13 10:18,33040.00,inr,,,,,per_unit,,unspecified,,,,,,,,,,,,,,,,,,,,,,,,,,,,,,,,,,,,,,,,,,,,,,,,,,,,,,
price_1NdDYcFDEp8YEMWafCqxqJHd,prod_OQ3fyptZgXUzRG,Studio Add-On Private,,,,2023-08-09 14:40,3540.00,inr,,,,,per_unit,,unspecified,,,,,,,,,,,,,,,,,,,,,,,,,,,,,,,,,,,,,,,,,,,,,,,,,,,,,,
price_1NabZCFDEp8YEMWarUM98cVR,prod_ONMH6q6F7BSHLR,Studio 4 Class Package,,,,2023-08-02 09:42,5841.00,inr,,,,,per_unit,,unspecified,,,,,,,,,,,,,,,,,,,,,,,,,,,,,,,,,,,,,,,,,,,,,,,,,,,,,,
price_1NabYMFDEp8YEMWadTX584Bv,prod_ONMGKlsfTEsaUr,Studio 6 Month Unlimited Membership,,,,2023-08-02 09:41,97350.00,inr,,,,,per_unit,,unspecified,,,,,,,,,,,,,,,,,,,,,,,,,,,,,,,,,,,,,,,,,,,,,,,,,,,,,,
